id,deskripsi,bidang-prestasi,tingkat-prestasi,individu-kelompok,tahun,nama-lembaga
424698876-1-1,Bronze Medalist International Kangaroo Linguistic Contest Indonesia 2022,Olimpiade(Lainnya),Internasional,Individu,2022,Abak Academy
424690287-1-1,Jamboree On The Air Jamboree On The Internet JOTA-JOTI 2023,Pramuka/Organisasi Ekstrakulikuler,Internasional,Individu,2023,World Organization of The Scout Movement
424641786-3-1,Active Participant 1st South East Asian Olympiad of Science and Medicine (SEAOSM) 2023 Biology,Olimpiade Biologi,Internasional,Individu,2023,YAPRESINDO
424640286-1-1,Second Runner-up 1st International Speech Competition on English Festival (ISCEF) 2023,Drama/Sastra,Internasional,Individu,2023,University of Darussalam Gontor
424617408-3-1,Participant 2024 Dentine Essay Competition,Olimpiade(Lainnya),Internasional,Individu,2024,Faculty of Dental Medicine Airlangga University
424613157-1-1,3rd Place Poomsae Male Under 17 Color Belt Singapore Taekwondo Competition 2022,Olahraga,Internasional,Individu,2022,Singapore Taekwondo Gymnasium
424563827-1-1,"Juara 1 Kata Perorangan Sabuk Hitam Junior Putri International Karate Championship ""Yogyakarta Open Tournament I"" 2023",Olahraga,Internasional,Individu,2023,FORKI
424521363-1-1, Finalist International Science Olympiad-8 2023,Olimpiade(Lainnya),Internasional,Individu,2023,EDUEXPO
424493628-1-1,Most Promising Research Award in INSAN Junior Researchers International Conference (iJURECON) 2023,Penelitian,Internasional,Individu,2023,"Kolej PERMATA Insan, Universiti Sains Islam Malaysia"
424446818-1-1,Participant International Science and Primary Medical Olympiad CARDION 2024,Olimpiade(Lainnya),Internasional,Individu,2024,UIN Maulana Malik Ibrahim Malang
424426202-1-1,Merit Certificate KLESF International Challenge 2023,Penelitian,Internasional,Individu,2023,Kuala Lumpur Engineering Science Fair
424411978-1-1,Thailand International Mathematical Olympiad Heat Round 2023-2024,Olimpiade MTK,Internasional,Individu,2023,Thailand International Mathematical Olympiad
424408064-3-1,Sekolah Inovatif Lomba Inovasi Daerah Provinsi Sulawesi Selatan 2023,Penelitian,Provinsi,Kelompok,2023, Gubernur Sulawesi Selatan
424394809-2-1,Peserta Jamboree On The Air dan Jamboree On The Internet Nasional Ke 44 2023,Pramuka/Organisasi Ekstrakulikuler,Nasional,Individu,2023,Gerakan Pramuka Cabang Bone
424392307-1-1,1st Place Main Category Line Follower Analog 12th World Robotic For Peace 2023,Olimpiade Komputer,Internasional,Kelompok,2023,Federation of International Robotic Training and Competition
424382511-3-1,Jamboree On The Air Jamboree On The Internet JOTA-JOTI 2023,Pramuka/Organisasi Ekstrakulikuler,Internasional,Individu,2023,World Organization of The Scout Movement
424370699-3-1, Silver Medal Indonesia International Applied Science Project Olympiad 2021,Penelitian,Internasional,Individu,Di luar batas, IYSA
424365112-1-1,Winner National Math Olympiad 2024,Olimpiade MTK,Nasional,Individu,2024,Universitas Logistik dan Bisnis Internasional (ULBI)
424319695-1-1,Olimpiade Matematika Online Internasional BRICSMATH.COM+ 2021,Olimpiade MTK,Internasional,Individu,Di luar batas,BRICSMATH.COM+ 
424319693-1-1,Silver Award International Applied Biology Olympiad (IABO) 2023,Olimpiade Biologi,Internasional,Individu,2023,Indonesia Scientific Society (ISS)
424319099-2-1,2nd Place Best Point Sumo IoT 12th World Robotic For Peace 2023,Olimpiade Komputer,Internasional,Individu,2023,Federation of International Robotic Training and Competition
424310977-3-1,"Participant in International Seminar ""Youth Power"" 2023",Pramuka/Organisasi Ekstrakulikuler,Internasional,Individu,2023,WIMNUS
424305539-3-1,"Presenter di International Conference on Sciences, Technology, and Education (ICSTE) 2023",Penelitian,Internasional,Individu,2023,Universitas Negeri Makassar
424305539-2-1,Silver Medalist International Kangaroo Linguistic Contest Indonesia 2022,Olimpiade(Lainnya),Internasional,Individu,2022,Abak Academy
424305539-1-1,2nd Runner-up Localization Challenge at 11th World Robotic for Peace 2022,Olimpiade Komputer,Internasional,Kelompok,2022,Federation of International Robot Sport Association
424304685-3-1,International Conference on Agricultural Technology (ICE-AGREFO) 2023 - Presenter,Penelitian,Internasional,Kelompok,2023,Politeknik Pertanian Negeri Payakumbuh
424303257-3-1,World Robotic For Peace 2023 - Juara 2 Line Follower Analog,Olimpiade Komputer,Internasional,Kelompok,2023,Federation of International Robotic Training and Competition
424301809-3-1,nternational Kangaroo Online Mathematics Contest 2022 - Certificate of Excellence ,Olimpiade MTK,Internasional,Individu,2022,Kangourou sans Fronti√®res
424301809-2-1,Philippine International Mathematical Olympiad Heat Round 2022 - Silver Award,Olimpiade MTK,Internasional,Individu,2022,Philippine International Mathematical Olympiad
424301809-1-1,Hong Kong International Mathematical Olympiad Heat Round 2022,Olimpiade MTK,Internasional,Individu,2022,Hong Kong International Mathematical Olympiad
424260541-2-1,International Science and Invention Fair 2022 - Medali Perunggu,Penelitian,Internasional,Individu,2022,Indonesian Young Scientist Association (IYSA)
424240706-1-1,World Robotic For Peace 2023 - Juara 1 Line Follower Analog ,Olimpiade Komputer,Internasional,Kelompok,2023,Federation of International Robotic Training and Competition
424221024-2-1,World Robotic For Peace 2023 - Juara 2 Line Follower Analog ,Olimpiade Komputer,Internasional,Kelompok,2023,Federation of International Robotic Training and Competition
424221024-1-1,International Research Competition for Young Scientists 2023 - Silver Award,Penelitian,Internasional,Individu,2022,Indonesia Scientific Society
424209859-1-1,Sarawak International Taekwondo Championship 2022,Olahraga,Internasional,Individu,2023,Persatuan Taekwondo Negeri Sarawak
424202975-1-1,Indonesia International Invention Expo 2023 - Medali Emas,Penelitian,Internasional,Individu,2023,Indonesian Young Scientist Association (IYSA)
424173881-1-1,Pahang International Rovermoot 2023,Pramuka/Organisasi Ekstrakulikuler,Internasional,Individu,2023,Persekutuan Pengakap Malaysia Negeri Pahang
424155557-3-1,Garuda Nusa Youth Summit (GNYS) #2 - Delegasi Terpilih,Pramuka/Organisasi Ekstrakulikuler,Internasional,Individu,2024,Garuda Nusa Foundation
424154397-1-2,Jamboree On The Internet JOTA-JOTI 2022,Pramuka/Organisasi Ekstrakulikuler,Internasional,Individu,2022,World Scout Committee
424143335-2-1,International Conference on Life Sciences and Biotechnology (ICOLIB) 2023 - Oral Presenter,Penelitian,Internasional,Individu,2023,University of Jember
424143335-1-1,World Robotic For Peace 2023 - Juara 1 Line Follower Micro,Olimpiade Komputer,Internasional,Individu,2023,Federation of International Robotic Training and Competition
424133597-1-1,International Science Olympiad Contest 3.0 - Medali Emas Natural Science,Olimpiade(Lainnya),Internasional,Individu,2024,Pateron Indonesia
424131218-3-1,International Medical and Science Application Competition (MEDSPIN) - Quarter Finalist,Olimpiade(Lainnya),Internasional,Individu,2022,Universitas Airlangga
424108808-2-1, International Science Olympiad-8 - Finalist,Olimpiade(Lainnya),Internasional,Individu,2023, EDUEXPO
424100483-2-1,International Invention Competition for Young Moslem Scientists 2023 - Medali Emas,Penelitian,Internasional,Kelompok,2023,Indonesian Young Scientist Association (IYSA)
424074739-1-1,International Online Colaboration in Recitation of Holy Quran,Seni Suara/Musik,Internasional,Individu,2022,Muhammadiyah Yogyakarta
424048943-1-1,Indonesia International Applied Science Project Olympiad 2021 - Medali Emas,Penelitian,Internasional,Individu,Di luar batas, Indonesian Young Scientist Association (IYSA)
424046417-3-1,International Workshop Autodidact Learning English Workshop 2023,Tidak Terdefinisi,Internasional,Individu,2023,Vermonia Skills
424045834-1-1,International Applied Biology Olympiad (IABO) 2022 - Silver Award,Olimpiade Biologi,Internasional,Individu,2022,Indonesia Scientific Society
424044086-2-1,South East Asian Olympiad of Science and Medicine (SEAOSM) 2023 - Medali Emas Kimia,Olimpiade Fisika,Internasional,Individu,2023,YAPRESINDO
424044086-1-1,South East Asian Olympiad of Science and Medicine (SEAOSM) 2023 - Medali Emas Kimia,Olimpiade Kimia,Internasional,Individu,2023,YAPRESINDO
424027331-2-1,Lomba Karya Tulis Ilmiah (LOSARIH) Vol IV Juara III,Penelitian,Tidak Terdefinisi,Individu,2023,Himpunan Mahasiswa Pendidikan Bahasa Indonesia (HIMAPBI) Fakultas Sastra UMI
424027331-1-1,Peserta Kompetisi Sains Ruangguru Bidang Kimia ,Olimpiade Kimia,Tidak Terdefinisi,Kelompok,2022,Ruangguru
424026883-2-1,Kompetisi Nasional Sains Indonesia Bidang Bahasa Inggris Peringkat 10 ,Olimpiade(Lainnya),Nasional,Individu,2023,Jenius Sains Indonesia 
424026883-1-1,Hafalan 30 Juz Serta Pembelajaran Wafa Belajar Metode Otak Kanan,Tidak Terdefinisi,Tidak Terdefinisi,Individu,2024,SMAIT Ar-Rahmah Makassar
424026357-2-1,Chemistry Competition Chemistry Fair Perempat Finalis Bidang Kimia ,Olimpiade Kimia,Tidak Terdefinisi,Individu,2022,Departemen Kimia Fakultas Matematika dan Ilmu Pengetahuan Alam Universitas  Indonesia  
424026357-1-1,Peserta Olimpiade Sains Provinsi Bidang Biologi ,Olimpiade Biologi,Provinsi,Kelompok,2022,Dinas Pendidikan Provinsi Sulawesi Selatan
424025606-3-1,Lomba Inovasi Daerah Provinsi Sulawesi Selatan Sebagai Sekolah Inovatif Harapan 2,Tidak Terdefinisi,Tidak Terdefinisi,Kelompok,2023,Pemerintah Provinsi Sulawesi Selatan
424025606-2-1,Lomba Karya Tulis Ilmiah Siswa Pekan Ilmiah dan Kreativitas Remaja (PIKIR) Juara 2,Penelitian,Tidak Terdefinisi,Individu,2023,Lembaga Kreativitas Ilmiah Mahasiswa Peneltian dan Penalaran (LKIM-PENA) Universitas Muhammadiyah Makassar
424025606-1-1,Olimpiade Sains dan Kedokteran Dasar Juara 2 Essay,Olimpiade(Lainnya),Tidak Terdefinisi,Individu,2022,Himpunan Mahasiswa Jurusan Kedokteran UIN Alauddin
424025403-2-1,Olimpiade Sains Nasional Bidang Kebumian Peringkat I (Pertama),Olimpiade Ilmu Kebumian,Kabupaten/Kota,Individu,2023,Dinas Pendidikan Kabupaten Mimika
424025403-1-1,Olimpiade Sains Nasional (OSN) Finalis Nasional Bidang Kebumian ,Olimpiade Ilmu Kebumian,Nasional,Kelompok,2023,Balai Pengembangan Talenta Indonesia
424025064-3-1,Lomba Cepat Tepat Gebyar Matematika Sains Juara 3,Tidak Terdefinisi,Tidak Terdefinisi,Individu,2023,Himpunan Mahasiswa Program Studi Matematika Fakultas Matematika dan Ilmu Pengetahuan Alam Universitas Halu Oleo
424025064-2-1,Kita Harus Belajar (Kihajar) STEM Tahap Intermediate 5 Tim Terbaik,Tidak Terdefinisi,Tidak Terdefinisi,Kelompok,2023,"Balai Layanan Platform Teknologi Kementerian Pendidikan, Kebudayaan, Riset, dan Teknologi"
424025064-1-1,Lomba Debat Biology Season Part XI Se-Indonesia Juara III,Tidak Terdefinisi,Tidak Terdefinisi,Individu,2023,Jurusan Pendidikan Biologi Universitas Halu Oleo
424024688-3-1,Insight Arjuna Competition Bidang Matematika Jenjang SMA /Sederajat Tingkat Soal Basic (Mudah) Medali Emas,Olimpiade MTK,Nasional,Individu,Di luar batas,Insight Olimpiade
424024688-2-1,Olimpiade Sains Pelajar Nasional (OSPN) Bidang Kimia Medali Emas,Olimpiade Kimia,Nasional,Individu,2023,Prestige Prestasi Cemerlang Indonesia Gemilang
424024688-1-1,Kejuaraan Sains Nasional (KSN) Bidang Kedokteran Dasar Medali Perak,Olimpiade(Lainnya),Nasional,Individu,2023,Yayasan Berlian Hati Mulia
424024660-1-1,"Festival Inovasi dan Kewirausahaan Siswa Indonesia (FIKSI) Juara 3 Kategori Rencana Usaha Bidang Agribisnis, Agroteknologi dan Kemaritiman",Penelitian,Tidak Terdefinisi,Individu,2023,Balai Pengembangan Talenta Indonesia
424024620-2-1,Peserta Art for The Environment (AFTHERONT) ,Tidak Terdefinisi,Tidak Terdefinisi,Kelompok,2022,Himpunan Mahasiswa Desain Komunikasi Visual Universitas Dinamika Surabaya
424024620-1-1,KIHAJAR STEM 2022 Tahap Basic,Tidak Terdefinisi,Nasional,Kelompok,2022,"Pusat Data dan Teknologi Informasi Kementerian Pendidikan, Kebudayaan, Riset, dan Teknologi"
424023851-2-1,Hafalan Al Qur'an 30 Juz Telah Di Tasmi' 15 Juz,Tidak Terdefinisi,Tidak Terdefinisi,Individu,Di luar batas,Pondok Pesantren Tahfidzul Qur'an Wahdah Islamiyah Makassar
424023851-1-1,Olimpiade Bahasa Arab (OBA) Ke-6 Juara II,Olimpiade(Lainnya),Provinsi,Individu,2023,Forum MGMP Bahasa Arab Se-Indonesia
424023626-3-1,Olimpiade Pelajar Sains Indonesia (OPSI) Bidang Kimia Medali Perak,Olimpiade Kimia,Nasional,Individu,2024,Yapresindo
424023626-2-1,Olimpiade Siswa Tingkat Nasional (OSTN) Bidang Matematika Medali Emas,Olimpiade MTK,Nasional,Individu,2023,Yapresindo
424023626-1-1,Olimpiade Nasional Sains dan Kedokteran (ONSK) Bidang Fisika Medali Emas,Olimpiade Fisika,Nasional,Individu,2024,Braindicator Indonesia
424023355-1-1,Peserta Olimpiade Bahasa Indonesia,Olimpiade(Lainnya),Tidak Terdefinisi,Kelompok,Di luar batas,Liga Olimpiade
424023335-1-1,Peserta Biology Event 2022,Tidak Terdefinisi,Tidak Terdefinisi,Kelompok,2022,Himpunan Mahasiswa Biologi FMIPA Universitas Hasanuddin
424022643-3-1,"Peserta Bidang Geografi Dengan Judul Penelitian : ""Jika Ada Air Kami Lari, Jika Tidak Ada Air Kami Kejar Studi Kasus : Krisis Air Bersih Dampak Dari El Nino",Penelitian,Tidak Terdefinisi,Kelompok,2023,Center for Young Scientists
424022643-2-1,Peserta Olimpiade Pendidikan Bahasa dan Sastra Indonesia ,Drama/Sastra,Provinsi,Kelompok,2023,HIMPRODI PBSI DEMA JBSI FBS UNM
424022643-1-1,Peserta Kompetisi Sains Madrasah Bidang Geografi Terintegrasi,Olimpiade Geografi,Kabupaten/Kota,Kelompok,2022,Kementerian Agama RI
424022447-3-1,Tahfidzul Qur'an Sebanyak 17 Juz (Juz 1-15 dan juz 29-30),Tidak Terdefinisi,Tidak Terdefinisi,Individu,2024,SMA Islam Terpadu Wahdah Islamiyah Makassar
424022447-1-1,Peserta KoSSMI Level 4 Bidang Kimia Kompetisi Sains Siswa Muslim Indonesia,Olimpiade Kimia,Tidak Terdefinisi,Kelompok,2023,"Abak Academy, Artificial Inteligence Centre Indonesia-FMIPA Universitas Indonesia dan Surya Institute for the Promotion of Science (SIPS)"
424022151-1-1,Kompetisi Sains Madrasah Bidang Fisika Terintegrasi Juara 1,Olimpiade Fisika,Kabupaten/Kota,Individu,2023,Kementerian Agama RI
424021961-1-1,Kompetisi Sains Madrasah Bidang Ekonomi Terintegrasi Juara 2,Olimpiade Ekonomi,Kabupaten/Kota,Individu,2023,Kementerian Agama RI
424021164-1-1,Peserta Kompetisi Sains Tingkat Nasional KTON PREMIERE Bidang Kedokteran,Olimpiade(Lainnya),Nasional,Kelompok,2023,Pateron Indonesia
424021064-3-1,Peserta Aktif Kompetisi Siswa Braindicator (KSB),Olimpiade MTK,Nasional,Kelompok,2023,Braindicator Indonesia
424021036-1-1,Ketua Forum Komunikasi Siswa SMA Negeri 1 Palu,Pramuka/Organisasi Ekstrakulikuler,Tidak Terdefinisi,Individu,2024,SMA Negeri 1 Palu
424020854-3-1,National Schools Debating Championship (NSDC) Finalis Nasional,Tidak Terdefinisi,Nasional,Individu,2023,Balai Pengembangan Talenta Indonesia
424020854-2-1,Juara 2 Olimpiade Kegiatan CheCISCo,Tidak Terdefinisi,Tidak Terdefinisi,Individu,2023,Himpunan Mahasiswa Teknik Kimia Universitas Pendidikan Muahmmadiyah Sorong (UNIMUDA Sorong)
424020854-1-1,Finalis Lomba Olimpiade,Tidak Terdefinisi,Tidak Terdefinisi,Individu,2022,Mahasiswa Teknik Kimia Universitas Pendidikan Muahmmadiyah Sorong (UNIMUDA Sorong)
424020814-3-1,Lomba Video HARHUBNAS Juara 1,Tidak Terdefinisi,Tidak Terdefinisi,Individu,2022,Dharma Wanita Persatuan Dinas Perhubungan Provinsi Bali
424020814-2-1,Juara 1 Video Film Pendek (Putri),Drama/Sastra,Provinsi,Individu,2022,Pekan Olahraga dan Seni Antar Pondok Pesantren Daerah (POSPEDA) IX
424020814-1-1,Kompetisi Sains Madrasah Bidang Kimia Terintegrasi Juara II,Olimpiade Kimia,Kabupaten/Kota,Individu,2022,Kementerian Agama RI
424020590-2-1,Kompetisi Siswa Berprestasi Nasional Bidang Bahasa Inggris Medali Emas,Olimpiade(Lainnya),Nasional,Individu,2022,Prestige Prestasi Cemerlang Indonesia Gemilang
424020590-1-1,Kompetisi Sains Madrasah Bidang Biologi Terintegrasi Juara 3,Olimpiade Biologi,Kabupaten/Kota,Individu,2023,Kementerian Agama RI
424020521-3-1,Peserta Kegiatan Arabic Camp,Tidak Terdefinisi,Tidak Terdefinisi,Kelompok,2023,Himpunan Mahasiswa Program Studi Pendidikan Bahasa Arab IAIN Parepare
424020521-2-1,Peserta Kegiatan Kemandirian Pesantren Expo dan Festival Santri,Tidak Terdefinisi,Tidak Terdefinisi,Kelompok,2023,Institut Agama Islam Negeri Parepare
424020521-1-1,Koordinator IMTAQ Organisasi Siswa Intra Madrasah Aliyah DDI Lil-Banat,Pramuka/Organisasi Ekstrakulikuler,Tidak Terdefinisi,Individu,2023,Pondok Pesantren DDI Ujung Lare Parepare
424020406-1-1,Peserta Kompetisi Paskibra Part 2,Pramuka/Organisasi Ekstrakulikuler,Tidak Terdefinisi,Kelompok,2023,Paskibra Stemzha Unit 202
424019929-1-1,Olimpiade Sains Nasional (OSN) Bidang Matematka Finalis Nasional,Olimpiade MTK,Nasional,Individu,2023,Balai Pengembangan Talenta Indonesia
424019789-3-1,Peserta Lomba Voice Over Dalam Rangkaian Customs and Excise Festival for High School,Tidak Terdefinisi,Tidak Terdefinisi,Kelompok,2022,Direktorat Jenderal Bea dan Cukai
424019789-2-1,Juara 2 Lomba Film Pendek KOLASE 2022,Drama/Sastra,Tidak Terdefinisi,Individu,2022,Himpunan Mahasiswa Progra Studi Komunikasi dan Penyiaran Islam IAIN Palopo
424019789-1-1,Penulis Terpilih Antologi Syair Pelajar ASEAN : Impian Anak Negeri,Drama/Sastra,Tidak Terdefinisi,Individu,2023,Perkumpulan Rumah Seni Asnur
424019673-2-1,National Biology Olympiad Medali Perak,Olimpiade Biologi,Tidak Terdefinisi,Individu,2022,Lembaga Kompetisi Indonesia
424019673-1-1,Liga Olimpiade Pelajar Nusantara Bidang Biologi Medali Emas,Olimpiade Biologi,Tidak Terdefinisi,Individu,2022,Lembaga Kompetisi Indonesia
424019586-2-1,Lomba Olimpiade Ekonomi Islam Juara 1,Olimpiade Ekonomi,Tidak Terdefinisi,Individu,2023,KSEI SEA IAIN Palopo
424019487-1-1,Ketua I OSIS SMA Negeri 5  Makassar,Pramuka/Organisasi Ekstrakulikuler,Tidak Terdefinisi,Individu,2023,SMA Negeri 5 Makasssar
424019482-3-1,Koordinator Umum I OSIS SMA Negeri 3 Bone,Pramuka/Organisasi Ekstrakulikuler,Tidak Terdefinisi,Individu,2023,SMA Negeri 3 Bone
424019482-2-1,Lomba ITE/Vlog Art Competition Juara 1,Tidak Terdefinisi,Tidak Terdefinisi,Individu,2023,Sanggar Seni Budaya Mahasiswa (SSBM) Towarani Universitas Muhammadiyah Bone 
424019482-1-1,Lomba Desain Art Competition Logo Juara 1,Seni Rupa/Lukis,Tidak Terdefinisi,Individu,2023,Sanggar Seni Budaya Mahasiswa (SSBM) Towarani Universitas Muhammadiyah Bone 
424019261-1-1,Peserta Kompetisi Sains Madrasah Bidang Kimia Terintegrasi,Olimpiade Kimia,Kabupaten/Kota,Kelompok,2023,Kementerian Agama RI
424019126-3-1,Kompetisi Sains Indonesia Bidang Bahasa Inggris Medali Perunggu,Olimpiade(Lainnya),Nasional,Individu,2023,Gantari Competition 
424019126-2-1,Kompetisi Sains Indonesia Bidang Biologi Medali Perunggu,Olimpiade Biologi,Provinsi,Individu,2023,Gantari Competition 
424019126-1-1,Kompetisi Sains Indonesia Bidang Biologi Juara Harapan 1,Olimpiade Biologi,Nasional,Individu,2023,Saintech.ID
424019062-2-1,Elektro Invention Race Lomba Robot Assembly Juara 3,Tidak Terdefinisi,Tidak Terdefinisi,Individu,2023,Jurusan Teknik Elektro Politeknik Negeri Ujung Pandang
424019062-1-1,Lomba Kompetensi Siswa (LKS) Bidang Lomba Electronics Juara 2,Tidak Terdefinisi,Provinsi,Individu,2022,Dinas Pendidikan Provinsi Sulawesi Selatan
424018885-3-1,Peserta Indonesia Advance Student Competition (IASC) Bidang Kimia,Olimpiade Kimia,Nasional,Kelompok,2023,Braindicator Indonesia
424018885-2-1,Olimpiade Sains Siswa Nasional (OSSN) Bidang Kedokteran Dasar,Olimpiade(Lainnya),Nasional,Kelompok,2023,Yayasan Berlian Hati Mulia
424018885-1-1,Peserta Festival Olimpiade Sains dan Prestasi Akademik Nasional (FOSPAN) Bidang Biologi,Olimpiade Biologi,Nasional,Kelompok,2023,Braindicator Indonesia
424018751-2-1,Ajang Apresiasi Duta Genre Sulawesi Tengah Favorit Putera,Tidak Terdefinisi,Tidak Terdefinisi,Individu,2023,BKKBN Provinsi Sulawesi Tengah
424018732-3-1,Lomba Musabaqah Tilawatil Qur'an (MTQ) Cabang Lomba Fahmil Qur'an Putri Juara 3,Tidak Terdefinisi,Provinsi,Individu,2023,LPTQ  Provinsi Kalimantan Utara
424018732-2-1,Festival Pendidikan Agama Islam Juara Harapan 3 Debat Isu Islam Kontemporer,Tidak Terdefinisi,Tidak Terdefinisi,Individu,2022,Direktorat Pendidikan Agama Islam Kementerian Agama RI
424018732-1-1,Olimpiade Sains Nasional (OSN) Bidang Matematka Juara III,Olimpiade MTK,Provinsi,Individu,2023,Dinas Pendidikan Provinsi Kalimantan Utara
424018550-3-1,Chemistry Festival Day Bidang Kimia Juara 3,Olimpiade Kimia,Tidak Terdefinisi,Individu,2023,Prodi Kimia Universitas Muhammadiyah Bulukumba
424018550-2-2,Peserta Mathematics Event XXII Babak 15 Besar Bidang Matematika Ticket,Olimpiade MTK,Nasional,Kelompok,2023,Departemen Matematika FMIPA Universitas Hasanuddin
424018550-2-1,Mathematics Event XXII Babak Golden Bidang Matematika Ticket Juara 1,Olimpiade MTK,Nasional,Individu,2022,Departemen Matematika FMIPA Universitas Hasanuddin
424018550-1-1,Chemistry Festival Day Bidang Kimia Juara 1,Olimpiade Kimia,Tidak Terdefinisi,Individu,2024,Prodi Kimia Universitas Muhammadiyah Bulukumba
424018502-2-1,Lomba Mading 3D Marine Innovation Festival Indonesia (MARINESIA) Juara 3,Drama/Sastra,Tidak Terdefinisi,Individu,2023,Departemen Teknik Sistem Perkapalan Fakultas Teknik Universitas Hasanuddin
424018502-1-1,Lomba Renewable Energy Papers Innovation Tim SMANSEL Juara 1,Penelitian,Provinsi,Kelompok,2023,Departemen Teknik Mesin Fakultas Teknik Universitas Hasanuddin
424018118-3-1,Peserta Perisai English Competition (PILOT),Tidak Terdefinisi,Tidak Terdefinisi,Kelompok,2023,Perisai KMFIB-UH
424018118-2-1,Story Telling Competition Libels English Amazing Days XI Juara 2 ,Drama/Sastra,Tidak Terdefinisi,Individu,Di luar batas,SMA Negeri 15 Makassar
424016950-3-1,Olimpiade Sains Pemuda Indonesia (OSPI) Bidang Bahasa Inggris Medali Perak,Olimpiade(Lainnya),Nasional,Individu,2023,Yayasan Berlian Hati Mulia
424016950-2-1,Indonesia Advance Student Competition (IASC) Bidang Bahasa Inggris Medali Emas,Olimpiade(Lainnya),Nasional,Individu,2023,Braindicator Indonesia
424016950-1-1,Olimpiade Siswa Indonesia Sumpah Pemuda (OSI-SP) Bidang Bahasa Inggris Medali Emas,Olimpiade(Lainnya),Nasional,Individu,2023,Prestige Prestasi Cemerlang Indonesia Gemilang
424016910-3-1,Kompetisi Festival Olimpiade Tingkat Nasional Bidang Kimia Medali Perak,Olimpiade Kimia,Nasional,Individu,2023,Online Platform Edukasi Pelajar UNIVERSITY.ID
424016910-2-1,Genius Biology Competition Bidang Biologi Medali Perak,Olimpiade Biologi,Tidak Terdefinisi,Individu,2023,Olimpiade Indonesia
424016910-1-1,Kompetisi Festival Olimpiade Tingkat Nasional Bidang Biologi Medali Emas,Olimpiade Biologi,Nasional,Individu,2023,Online Platform Edukasi Pelajar UNIVERSITY.ID
424016756-1-1,Olimpiade Siswa Tingkat Nasional (OSTN) Bidang Matematika Medali Emas,Olimpiade MTK,Nasional,Individu,2022,Yapresindo
424016561-3-1,Piagam Penghargaan Angota Majelis Perwakilan Kelas (MPK) SMA Negeri 1 Kulisusu ,Pramuka/Organisasi Ekstrakulikuler,Tidak Terdefinisi,Individu,2023,SMA Negeri 1 Kulisusu Kabupaten Buton Utara
424016561-2-1,Piagam Penghargaan Kejuaraan Taekwondo Lakidende Cup,Olahraga,Kabupaten/Kota,Individu,2023,Pengurus Agriculture Taekwondo Club Kabupaten Konawe
424016561-1-1,Kejuaraan Taekwondo Open Turnamen Bupati Konawe Juara 2 Poomsae Pair Cadet,Olahraga,Provinsi,Individu,2023,Pemerintah Kabupaten Konawe
424015857-1-1,Peserta Olimpiade Sains Nasional (OSN-P) Bidang Lomba Matematika,Olimpiade MTK,Provinsi,Kelompok,2023,Dinas Pendidikan Provinsi Sulawesi Selatan
424015841-3-2,Peserta Karantina Rumah Inspirasi dan Tahfidz 1 Tahun Angkatan II,Tidak Terdefinisi,Tidak Terdefinisi,Kelompok,2024,Rumah Inspirasi dan Tahfidz
424015841-3-1,Hafalan/Tahfidz Al Quran 22 Juz,Tidak Terdefinisi,Tidak Terdefinisi,Individu,2024,Pondo Pesantren Nurul Falah
424015841-2-7,Peserta Indonesian Science Olympiad (ISO) Bidang Biologi,Olimpiade Biologi,Nasional,Kelompok,2024,Yayasan Berlian Hati Mulia
424015841-2-6,Peserta Indonesian Science Olympiad (ISO) Bidang KImia,Olimpiade Kimia,Nasional,Kelompok,2024,Yayasan Berlian Hati Mulia
424015841-2-5,Olimpiade Sains Nasional (OLIMNAS) Bidang Kimia Medali Perak,Olimpiade Kimia,Nasional,Individu,2024,Generasi Maju Indonesia (GEMANESIA)
424015841-2-4,Olimpiade Sains Nasional (OLIMNAS) Bidang Biologi Medali Perak,Olimpiade Biologi,Nasional,Individu,2024,Generasi Maju Indonesia (GEMANESIA)
424015841-2-3,Kompetisi Sains Indonesia - HUT PUSKANAS (KSI -  HP) Bidang Biologi Medali Perak,Olimpiade Biologi,Nasional,Individu,2024,Yayasan Berlian Hati Mulia
424015841-2-2,Indonesian Science Olympiad (ISO) Bidang Biologi Medali Perak,Olimpiade Biologi,Nasional,Individu,2024,Yayasan Berlian Hati Mulia
424015841-2-1,Kompetisi Sains Indonesia - HUT PUSKANAS (KSI -  HP) Bidang Kimia Medali Emas,Olimpiade Kimia,Nasional,Individu,2024,Yayasan Berlian Hati Mulia
424015841-1-3,Kompetisi Sains Indonesia - HUT PUSKANAS (KSI -  HP) Bidang Kedokteran Dasar Medali Perak,Olimpiade(Lainnya),Nasional,Individu,2024,Yayasan Berlian Hati Mulia
424015841-1-2,Olimpiade Sains Nasional (OLIMNAS) Bidang Kedokteran Dasar Medali Perak,Olimpiade(Lainnya),Nasional,Individu,2024,Generasi Maju Indonesia (GEMANESIA)
424015841-1-1,Oimpiade Sains Siswa Nasional (OSSAN) Bidang Kedokteran Dasar Medali Emas,Olimpiade(Lainnya),Nasional,Individu,2024,Yayasan Prestasi Maju Indonesia (PRESMANESIA)
424015724-3-1,PRESTIGE - Olimpiade Sains Pemuda Indonesia (PROMINENSA) Bidang Fisika Medali Perak,Olimpiade Fisika,Nasional,Individu,2023,Prestige Prestasi Cemerlang Indonesia Gemilang
424015724-2-1,PRESTIGE - Olimpiade Sains Pemuda Indonesia (PROMINENSA) Bidang Kimia Medali Emas,Olimpiade Kimia,Nasional,Individu,2023,Prestige Prestasi Cemerlang Indonesia Gemilang
424015724-1-1,Olimpiade Nasional Sains dan Kedokteran (ONSK) Bidang Biologi Medali Emas,Olimpiade Biologi,Nasional,Individu,2023,braindicator Indonesia
424015340-3-1,Peserta Natioal Environmental Science Olympiad (NESO) Bidang Bahasa Inggris,Olimpiade(Lainnya),Nasional,Kelompok,2022,Pusat Olimpiade Sains Indonesia (POSI)
424015340-2-1,Peserta Natioal Environmental Science Olympiad (NESO) Bidang Matematika,Olimpiade MTK,Nasional,Kelompok,2022,Pusat Olimpiade Sains Indonesia (POSI)
424015240-3-1,Olimpiade Sains Siswa Nasional (OSSN) Bidang Kimia Medali Emas,Olimpiade Kimia,Nasional,Individu,2023,Pusat Kejuaraan Sains Nasional (Puskanas)
424015240-2-1,Olimpiade Sains Pelajar Nasional (OSPN) Bidang Biologi Medali Emas,Olimpiade Biologi,Nasional,Individu,2023,Prestige Prestasi Cemerlang Indonesia Gemilang
424015240-1-1,Olimpiade Sains Akademik Indonesia (OSAI) Bidang Kedokteran Dasar Medali Emas,Olimpiade(Lainnya),Nasional,Individu,2023,Braindicator Indonesia
424014590-1-1,Hafalan/Tahfidz Al Quran  Juz 27 Juz,Tidak Terdefinisi,Tidak Terdefinisi,Individu,Di luar batas,Madrasah Tahfizh Al-Qur'an Imam Malik Makassar
424014574-3-1,Peserta Makassar Youth National Debate Championship,Tidak Terdefinisi,Tidak Terdefinisi,Kelompok,Di luar batas,Dinas Pemuda dan Olahraga Kota Makassar
424014574-2-1,Peserta Lomba Olimpiade Sains Nasional (OSN) Bidang Lomba Kimia,Olimpiade Kimia,Provinsi,Kelompok,2023,Balai Pengembangan Talenta Indonesia
424014574-1-1,Juara 2 Bidang Lomba Cipta Lagu Festival dan Lomba Seni Siswa Nasional  (FLS2N),Seni Suara/Musik,Provinsi,Individu,2022,Balai Pengembangan Talenta Indonesia
424014434-1-1,Juara III Lomba Bertutur Cerita Rakyat Dalam Bahasa Inggris Kegiatan Ramuna II,Pramuka/Organisasi Ekstrakulikuler,Tidak Terdefinisi,Individu,2023,Gerakan Pramuka Kwartir Cabang Kota Ambon
424014296-2-1,Choir Competition Children's Choir Category Medali Perak,Seni Suara/Musik,Tidak Terdefinisi,Kelompok,Di luar batas,Bali International Choir Festival
424014296-1-1,Peserta Festival Paduan Suara Natal III,Seni Suara/Musik,Kabupaten/Kota,Kelompok,2023,Pemerintah Kabupaten Toraja Utara
424014163-3-1,Oimpiade Sains Siswa Nasional (OSSAN) Bidang Akuntansi Medali Emas,Olimpiade Ekonomi,Nasional,Individu,2024,Yayasan Prestasi Maju Indonesia (PRESMANESIA)
424014163-2-1,Pekan Olimpiade Sains Nasional (POSN ) Bidang Ekonomi Medali Emas,Olimpiade Ekonomi,Nasional,Individu,2024,Yapresindo
424014163-1-1,Pekan Olimpiade Sains Nasional (POSN ) Bidang Informatika Medali Emas,Olimpiade Komputer,Nasional,Individu,2024,Yapresindo
424013784-2-1,Makassar City of Sport Pekan Olahraga Nipah Bidang Panahan Compund Putri) Juara 2 Eliminasi,Olahraga,Tidak Terdefinisi,Individu,2023,Nipah Mall Makassar
424013784-1-1,Compound 50M Total Jarak Cabang Panahan Kejuaraan Daerah (Kejurda) Juara 3,Olahraga,Provinsi,Individu,2023,Pemerintah Provinsi Sulawesi Selatan
424013466-3-1,Olimpiade Sains Tingkat Nasional Bertajuk Ramadhan Science Championship (RSC) Bidang PKN,Tidak Terdefinisi,Nasional,Individu,2023,Yayasan Prestasi Maju Indonesia (PRESMANESIA)
424013466-2-1,Ajang Oimpiade Sains Bertajuk Kejuaraan Sains Nasional PUSKANAS (KSNP) Bidang Bahasa Inggris,Olimpiade(Lainnya),Nasional,Individu,2023,Pusat Kejuaraan Sains Nasional (Puskanas)
424013466-1-1,Ajang Oimpiade Sains Bertajuk Kejuaraan Sains Nasional PUSKANAS (KSNP) Bidang PKN,Olimpiade(Lainnya),Nasional,Individu,2023,Pusat Kejuaraan Sains Nasional (Puskanas)
424013364-1-1,Pengurus OSIS Sebagai Ketua OSIS,Pramuka/Organisasi Ekstrakulikuler,Tidak Terdefinisi,Individu,2023,SMK Negeri 3 Enrekang
424013246-1-1,Kompetisi Sains Madrasah,Olimpiade Kimia,Kabupaten/Kota,Individu,2023,Kementerian Agama RI
424013047-3-1,Kemah Pelajar Andalan Peduli Angkatan I,Tidak Terdefinisi,Tidak Terdefinisi,Kelompok,2023,Pemerintah Provinsi Sulawesi Selatan
424013047-2-1,Gema Ramadhan Nusantara,Tidak Terdefinisi,Tidak Terdefinisi,Kelompok,2023,Forum OSIS Nasional
424013047-1-1,Olimpiade Sains Nasional Tingkat Propinsi (OSN-P),Olimpiade Geografi,Nasional,Kelompok,2023,Dinas Pendidikan Provinsi Sulawesi Selatan
424012471-2-1,Olimpiade Sains Nasional Bertajuk Kompetisi Sains Indonesia Merdeka(KOSMIK),Olimpiade(Lainnya),Nasional,Individu,2023,Yayasan Prestasi Maju Indonesia (PRESMANESIA)
424012136-3-1,Lomba Pidato Bahasa Indonesia Kegiatan Festival Bulan Bahasa,Drama/Sastra,Tidak Terdefinisi,Individu,2023,Himpunan Mahasiswa Program Studi (Himaprodi) Pendidikan Bahasa Indonesia Universitas Muhammadiyah Sidrap
424012136-2-1,Kompetisi Sains Madrasah,Olimpiade Biologi,Kabupaten/Kota,Kelompok,2023,Kementerian agama Kabupaten Sidrap
424012136-1-1,Himap Fisip Competition (HFC),Tidak Terdefinisi,Tidak Terdefinisi,Individu,2024,Himpunan Mahasiswa Administrasi Publik (HIMAPI) Fakultas Ilmu Sosial dan Ilmu Politik Universitas Muhammadiyah Sidrap
424012092-1-1,Lomba Puisi Acara Back to 1945,Drama/Sastra,Tidak Terdefinisi,Kelompok,2022,Universitas Ciputra
424012063-1-5,Kursus Komputer dan Pelatihan Microsoft Office for School,Tidak Terdefinisi,Tidak Terdefinisi,Kelompok,2023,PT. Pelita Training Centre Indonesia
424012063-1-4,Festival Bakat 2022,Tidak Terdefinisi,Tidak Terdefinisi,Kelompok,2022,Dinas Pariwisata Kota Makassar
424012063-1-3,Memperingati Hari Kemerdekaaan RI ke-78,Seni Suara/Musik,Tidak Terdefinisi,Individu,2023,Yayasan Babussalam SMA Wahyu Makassar
424012063-1-2,Pekan Olahraga dan Seni (PORSENI) Memperingati Hari Kemerdekaaan RI ke-77,Seni Suara/Musik,Tidak Terdefinisi,Individu,2022,Yayasan Babussalam SMA Wahyu Makassar
424012063-1-1,"Seminar ""Pentingnya Public Speaking Generasi Z""",Tidak Terdefinisi,Tidak Terdefinisi,Kelompok,2023,Tidak Tercantum
424011352-2-1,Ranking 1 Competition,Tidak Terdefinisi,Tidak Terdefinisi,Individu,Di luar batas,Scallop CMBBS
424011352-1-1,Chemistry Festival 2023,Olimpiade Kimia,Nasional,Individu,2023,HMK FMIPA Unhas
424011122-3-1,Olimpiade Sains Nasional,Olimpiade MTK,Kabupaten/Kota,Kelompok,2023,SMA Negeri 1 Bone
424011122-2-1,Olimpiade Sains dan Kesehatan Nasional Hari Pendidikan Nasional (OSPENAS),Olimpiade MTK,Nasional,Individu,2023,Yayasan Prestasi Maju Indonesia (PRESMANESIA)
424011122-1-1,Ramadhan Science Championship,Olimpiade MTK,Nasional,Individu,2023,Yayasan Prestasi Maju Indonesia (PRESMANESIA)
424010816-3-1,Webinar Kupas Tuntas Strategi Masuk Kampus Impian,Tidak Terdefinisi,Tidak Terdefinisi,Kelompok,2024,Educate Learning Indonesia
424010816-2-1,Musyawarah Besar (MuBes) Palang Merah Remaja (PMR) ,Pramuka/Organisasi Ekstrakulikuler,Tidak Terdefinisi,Individu,2022,SMA Negeri 2 Bulukumba
424010816-1-1,Smansa Rover Scout Competition VI ,Pramuka/Organisasi Ekstrakulikuler,Provinsi,Individu,2023,Rover Scout Sinjai 
424010813-1-1,Olimpiade Sains Nasional,Olimpiade Komputer,Nasional,Individu,2023,Balai Pengembangan Talenta Indonesia
424010634-3-1,Olimpiade IT dalam acara ARA : A Renewal Agent 5.0,Olimpiade Komputer,Tidak Terdefinisi,Kelompok,2024,Himpunan Mahasiswa Teknologi Informasi ITS
424010634-1-1,Debate Competition Pendidikan,Tidak Terdefinisi,Provinsi,Individu,2023,HMJ PAI FAI Unismuh
424010022-3-1,Pateron Championship Competition ,Tidak Terdefinisi,Nasional,Kelompok,2022,Pateron Indonesia
424010022-2-1,Pateron Championship Competition ,Olimpiade Biologi,Nasional,Kelompok,2022,Pateron Indonesia
424010022-1-1,Peringkat 1 (Satu Umum) dari Semester 1 Sampai Dengan Semester 5,Tidak Terdefinisi,Tidak Terdefinisi,Individu,2024,SMAN 4 Palopo
424010008-1-1,Kompetisi Sains Madrasah,Olimpiade Fisika,Kabupaten/Kota,Individu,2023,Kementerian Agama RI
424009931-2-1,Kompetisi Sains Madrasah,Olimpiade MTK,Kabupaten/Kota,Individu,2023,Kementerian Agama RI
424009931-1-1,NOSeC (National Outstanding Student e-Competition,Olimpiade MTK,Nasional,Individu,2023,Braindicator Indonesia
424009536-2-1,Olimpiade Siswa Berprestasi Nasional (OSBN),Olimpiade Ilmu Kebumian,Nasional,Individu,2023,Prestige Prestasi Cemerlang Indonesia Gemilang
424009536-1-1,Olimpiade Siswa Berprestasi Nasional (OSBN),Olimpiade Kimia,Nasional,Individu,2023,Prestige Prestasi Cemerlang Indonesia Gemilang
424009484-1-3,Kompetisi Festival Olimpiade Tingkat Nasional,Olimpiade Biologi,Provinsi,Individu,2024,Platform Edukasi Pelajar UNIVERSITY.ID
424009484-1-2,Kompetisi Festival Olimpiade Tingkat Nasional,Olimpiade Biologi,Nasional,Individu,2024,Platform Edukasi Pelajar UNIVERSITY.ID
424009484-1-1,Kompetisi Festival Olimpiade Tingkat Nasional,Olimpiade Biologi,Nasional,Kelompok,2024,Platform Edukasi Pelajar UNIVERSITY.ID
424009460-3-1,Lomba Video Kreatif Terima Kasih Guruku,Tidak Terdefinisi,Tidak Terdefinisi,Individu,2022,BPUU Universitas Ma Chung
424009460-2-1,Lomba Video Kreatif Dalam Himabi Competition ,Tidak Terdefinisi,Tidak Terdefinisi,Individu,2024,Himpunan Mahasiswa Bidan (Himabi) Universitas Alma Ata Yogyakarta
424009460-1-1,Lomba Artikel Kesehatan ,Tidak Terdefinisi,Nasional,Individu,2022,Kementerian Kesehatan RI
424009203-3-1,National Young Scientist Innovation (NYSI),Olimpiade Biologi,Nasional,Individu,2023,Pusat Olimpiade Sains Indonesia (POSI)
424009203-2-1,Incredible Science Competition (ISC),Olimpiade Kimia,Nasional,Individu,2023,Pusat Olimpiade Sains Indonesia (POSI)
424009203-1-1,National Young Scientist Innovation (NYSI),Olimpiade Kimia,Nasional,Individu,2023,Pusat Olimpiade Sains Indonesia (POSI)
424009164-3-1,Kejuaraan Pencak Silat Makassar Championship II,Olahraga,Nasional,Kelompok,2023,Kemenpora RI
424009164-1-1,Kompetisi Piala KASAD Liga Santri PSSI,Olahraga,Kabupaten/Kota,Kelompok,2022,Kodam 1408 / Makassar
424008885-3-1,Olimpiade Sains Nasional,Olimpiade Biologi,Nasional,Individu,2023,Yayasan Prestasi Maju Indonesia (PRESMANESIA)
424008885-1-1,Kompetisi Sains Madrasah,Olimpiade Kimia,Kabupaten/Kota,Individu,2023,Kementerian Agama RI
424008312-3-1,Lomba Cipta Baca Puisi dan Karya Tulis Ilmiah (LOSARIH) Vol III,Drama/Sastra,Provinsi,Individu,2022,Himpunan Mahasiswa Pendidikan Bahasa Indonesia (HIMAPBI) Fakultas Sastra UMI
424008312-2-1,Lomba Menulis Cerpen Mini,Drama/Sastra,Tidak Terdefinisi,Individu,2022,SPWS Publisher
424008312-1-1,Raimuna Nasional Gerakan Pramuka XII,Pramuka/Organisasi Ekstrakulikuler,Nasional,Individu,2023,Kwartir Nasional Gerakan Pramuka
424007952-2-1,Lomba Line Follower,Tidak Terdefinisi,Tidak Terdefinisi,Individu,2022,Himpunan Mahasiswa Elektro Fakultas Teknik UMI
424007889-3-1,Bendahara OSIM,Pramuka/Organisasi Ekstrakulikuler,Tidak Terdefinisi,Individu,2023,Madrasah Aliyah Negeri Kota Bitung
424007889-1-1,Kompetisi Sains Madrasah,Olimpiade Fisika,Kabupaten/Kota,Individu,2023,Kementerian Agama RI
424007820-2-1,Porseni Nasional Pondok Pesantren,Tidak Terdefinisi,Nasional,Individu,2024,Pondok Pesantren Darud Da'wah Wal Irsyad (DDI)
424007820-1-1,Festival Dakwah Competition,Tidak Terdefinisi,Tidak Terdefinisi,Individu,2023,Fakultas Usluhudin Adab dan Dakwah IAIN Parepare
424007632-1-1,ALSA English Competition,Tidak Terdefinisi,Tidak Terdefinisi,Individu,2022,Fakultas Hukum Universitas Hasanuddin
424007417-2-1,Prisma '18,Olimpiade MTK,Nasional,Individu,Di luar batas,Himpunan Mahasiswa Jurusan Pendidikan Matematika Fakultas Keguruan dan Ilmu Pendidikan Universitas Muhammadiyah Makassar
424007417-1-1,Walikota Cup Goes To Schools,Tidak Terdefinisi,Kabupaten/Kota,Individu,Di luar batas,Briton International English School
424006477-1-1,Try Out OSN,Tidak Terdefinisi,Provinsi,Individu,2023,Lembaga Olimpiade Pendidikan Indonesia (LOPI)
424006393-3-1,Olimpiade Sains Nasional,Olimpiade Geografi,Kabupaten/Kota,Individu,2023,Balai Pengembangan Talenta Indonesia (BPTI - PUSPRESNAS)
424006393-2-1,Kompetisi Sains Madrasah Nasional,Olimpiade Geografi,Kabupaten/Kota,Individu,2023,Kementerian Agama RI
424006393-1-1,Kompetisi Sains Madrasah Nasional,Olimpiade Geografi,Provinsi,Individu,2023,Kementerian Agama RI
424006384-3-1,Olimpiade Sains Akademik Indonesia (OSAI),Olimpiade(Lainnya),Nasional,Individu,2023,Braindicator Indonesia
424006384-2-1,Olimpiade Sains Akbar Nasional (OSAN),Olimpiade Biologi,Nasional,Individu,2023,Yapresindo
424006384-1-1,Olimpiade Siswa Nasional - Hari Kemerdekaan (OSN-HK),Olimpiade(Lainnya),Nasional,Individu,2023,Prestige Prestasi Cemerlang Indonesia Gemilang
424006216-3-1,Tahap Online 1 Regional Olimpiade APBN 2022,Olimpiade(Lainnya),Tidak Terdefinisi,Individu,2022,Kementerian Keuangan RI
424006216-2-1,Lomba Debat Bahasa Indonesia BASIS OPEN 2022,Tidak Terdefinisi,Nasional,Individu,2022,UKM Debat Bahasa Indonesia BASIS FISIP Universitas Hasanuddin
424006216-1-1,HiLo Teen Design Thinking Marathon,Tidak Terdefinisi,Tidak Terdefinisi,Individu,2023,PT. Nutrifood Indonesia
424006005-2-1,Pekan Olimpiade Sains Nasional (POSN),Olimpiade(Lainnya),Nasional,Individu,2024,Yapresindo
424006005-1-1,Olimpiade Nasional Sains dan Kedokteran (ONSK),Olimpiade(Lainnya),Nasional,Individu,2024,Braindicator Indonesia
424005851-1-1,Sertifikat Wakil Ketua MPK (Majelis Perwakilan Kelas),Pramuka/Organisasi Ekstrakulikuler,Tidak Terdefinisi,Individu,2023,SMAN 10 Samarinda
424005466-1-1,Olimpiade Siswa Nasional - Hari Kemerdekaan (OSN-HK),Olimpiade MTK,Nasional,Individu,2023,Prestige Prestasi Cemerlang Indonesia Gemilang
424005287-3-1,Smapoel Islamic Competition VII,Seni Rupa/Lukis,Tidak Terdefinisi,Individu,2023,SMAN 10 Makassar
424005287-2-1,Lomba Kompetensi Siswa (LKS),Seni Rupa/Lukis,Provinsi,Individu,2023,Dinas Pendidikan Provinsi Sulawesi Selatan
424005287-1-1,Latih Tanding,Seni Rupa/Lukis,Provinsi,Individu,2023,Universitas Dipa
424004658-1-1,Olimpiade Sains,Olimpiade Ekonomi,Nasional,Individu,2023,Pusat Kejuaraan Sains Nasional (Puskanas)
424004491-3-1,Dewan Pelajar,Tidak Terdefinisi,Provinsi,Individu,2023,DPRD Provinsi Sulawesi Tenggara
424004491-2-1,Kompetisi Sains Madrasah,Olimpiade Fisika,Kabupaten/Kota,Individu,2022,Kementerian Agama RI
424004491-1-1,Sertifikat Ketua OSIM ,Pramuka/Organisasi Ekstrakulikuler,Tidak Terdefinisi,Individu,2024,MAN 1 Kabupaten Konawe
424004449-1-1,Majene Basketball Competition,Olahraga,Kabupaten/Kota,Kelompok,2023,Pemkab Majene
424004437-1-1,Olimpiade Siswa Prestasi Akademik Nasional (OSPAN),Olimpiade MTK,Nasional,Individu,2023,Yapresindo
424004159-2-1,Food and Techology Worker,Pramuka/Organisasi Ekstrakulikuler,Internasional,Individu,2023,PT. Vapro Training Indonesia
424004159-1-1,Lomba Pentas Tari (LOMPETA),Seni Rupa/Lukis,Tidak Terdefinisi,Individu,2023,Badan Esekutif Mahasiswa (BEM) STIE Wira Bhakti Makassar
424004022-2-1,Hafalan/Tahfidz Al Quran 3 Juz,Tidak Terdefinisi,Tidak Terdefinisi,Individu,2024,Madrasah Aliyah Negeri Insan Cendekia Gorontalo
424003876-3-1,Olimpiade Sains Nasional,Olimpiade Biologi,Kabupaten/Kota,Individu,2023,DinasPendidikan Kabupaten Tana Toraja
424003876-2-1,Olimpiade Anak,Tidak Terdefinisi,Kabupaten/Kota,Individu,2022,Lembaga FAST Kabupaten Tana Toraja
424003876-1-1,Lomba Debat Bahasa Indonesia pada KDBII (Kompetisi Debat Bahasa Indonesia dan Bahasa Inggris),Tidak Terdefinisi,Kabupaten/Kota,Individu,2023,Pendidikan Bahasa Inggris Universitas Kristen Indonesia Toraja
424003834-3-1,Insight Short Competition,Olimpiade Biologi,Nasional,Individu,2023,Insight Eduka
424003834-2-1,Insight Biology Competition Vol I,Olimpiade Biologi,Nasional,Individu,2022,Insight Olimpiade
424003834-1-1,Kompetisi Sains LSI,Olimpiade Biologi,Nasional,Individu,2024,Lembaga Kompetisi Nasional
424003616-3-1,Perlombaan Monolog,Seni Rupa/Lukis,Kabupaten/Kota,Individu,2023,Ikatan Guru Indonesia Kabupaten Lembata
424003616-2-1,IASC (indonesia Advance Student Competition),Tidak Terdefinisi,Nasional,Individu,2023,Braindicator Indonesia
424003616-1-1,Olimpiade Siswa Berprestasi Nasional (OSBN),Tidak Terdefinisi,Nasional,Individu,2023,Lembaga Prestige
424003502-3-1,Ajang Kompetisi Matematika (ANGKA),Olimpiade MTK,Kabupaten/Kota,Individu,2022,Himpunan Mahasiswa Jurusan Matematika (HMJ-MTK) UIN Alauddin Makassar
424003502-2-1,Ajang Kreativitas Matematika (ARITMATIKA),Olimpiade MTK,Provinsi,Individu,2023,Himpunan Mahasiswa Jurusan (HMJ) Pendidikan Matematika UIN Alauddin Makassar
424003502-1-1,Kompetisi Sains Nasional / OSN-P,Olimpiade MTK,Provinsi,Individu,2023,Dinas Pendidikan Provinsi Sulawesi Selatan
424003197-2-1,Festival dan Lomba Seni Siswa Nasional Finalis Bidang Seni Vokal Solo Putri,Seni Suara/Musik,Nasional,Individu,2022,Balai Pengembangan Talenta Indonesia
424003197-1-1,Festival dan Lomba Seni Siswa Nasional (FLS2N) Lomba Vokal Solo Putri,Seni Suara/Musik,Provinsi,Individu,2022,"Pusat Prestasi Nasional (Puspresnas) Kementerian Pendidikan, Kebudayaan, Riset dan Teknologi"
424002880-2-1,Juara 1 Lomba Desain Mading Antar SMA/SMK/MA,Seni Rupa/Lukis,Kabupaten/Kota,Kelompok,2022,Universitas Megarezky
424002880-1-1,Peserta Olimpiade Sains Nasional Bidang Lomba Fisika,Olimpiade Fisika,Kabupaten/Kota,Individu,2022,KemdikbudRistek
424002876-3-1,Kompetisi Sains Nasional Tingkat Kota (KSN-K) Bidang Astronomi,Olimpiade Astronomi & Astrofisika,Kabupaten/Kota,Kelompok,2023,Balai Pengembangan Talenta Indonesia
424002876-2-1,Kompetisi Sains Nasional / OSN-P,Tidak Terdefinisi,Provinsi,Kelompok,2022,Dinas Pendidikan Provinsi Sulawesi Selatan
424002876-1-2,Sains Competition Dalam Rangka Dies Natalis Bhakta,Tidak Terdefinisi,Tidak Terdefinisi,Kelompok,2023,Institut Ilmu Kesehatan Bhakti Wiyata Kediri (IIK Bhakta)
424002876-1-1,"Sertifikat Sains Competition Dalam Rangka Dies Natalis Bhakta Finalis Bidang Matematika, Biologi, Kimia, dan Fisika",Olimpiade(Lainnya),Nasional,Individu,2023,Institut Ilmu Kesehatan Bhakti Wiyata Kediri (IIK Bhakta)
424002155-1-1,Festival Olahraga Masyarakat Indonesia (FORNAS) Juara 1 MATHILDA (3on3) Induk Olahraga Airsoft Indonesia,Olahraga,Nasional,Individu,2023,KORMI Nasional
424002079-3-1,Sertifikat Penghargaan Ketua OSIS SMA Negeri 1 Selayar,Pramuka/Organisasi Ekstrakulikuler,Tidak Terdefinisi,Individu,2023,SMA Negeri 1Selayar
424002079-2-1,Juara 1 Lomba Karya Tulis Ilmiah,Penelitian,Kabupaten/Kota,Kelompok,2023,Institut Teknologi Sains dan Bisnis Muhammadiyah Selayar
424002079-1-1,Juara 1 Lomba Karya Tulis Ilmiah Dalam Rangka Hari Bakti Adhyaksa,Penelitian,Tidak Terdefinisi,Individu,2022,Kejaksaan Negeri Kepulauan Selayar
424002005-2-1,Indonesian Student Genius Olympiad Peraih Medali Perak Bidang Studi Bahasa Indonesia  ,Olimpiade(Lainnya),Nasional,Individu,2023,Liga Olimpiade
424002005-1-1,Gemilang Youth Olympiad Peraih Medali Emas Bidang Studi Bahasa Indonesia,Olimpiade(Lainnya),Nasional,Individu,2024,Lembaga Prestasi Pelajar
424001807-3-2,Surat Keterangan Prestasi Akademik Sekolah,Tidak Terdefinisi,Tidak Terdefinisi,Individu,2024,SMA Negeri 1 Luwu
424001807-3-1,Piagam Penghargaan Pengurus MPK Aterfan Sebagai Sekretaris Umum,Pramuka/Organisasi Ekstrakulikuler,Tidak Terdefinisi,Individu,2024,SMA Negeri 1 Luwu
424001807-2-1,Peserta Sertifikat Kompetisi Sains Nasional/OSN-P) Bidang Matematika,Olimpiade MTK,Provinsi,Kelompok,2022,Dinas Pendidikan Provinsi Sulawesi Selatan
424001807-1-1,Peserta Piagam Oimpiade Sains Nasional Tingkat Propinsi (OSN-P) Bidang Matematika,Olimpiade MTK,Provinsi,Kelompok,2023,Dinas Pendidikan Provinsi Sulawesi Selatan
424001135-2-1,Peserta Himap FISIP Competition (HFC) ,Tidak Terdefinisi,Kabupaten/Kota,Kelompok,2024,Himap FISIP Competition (HFC) Universitas Muhammadiyah Sidrap
424001135-1-1,Porseni Hari Amal Bakti Kemenag RI Ke-78 Bola Voli Putra,Olahraga,Kabupaten/Kota,Kelompok,2024,Kementerian agama Kabupaten Sidrap
424001098-1-2,Sertifikat Olimpiade Sains Nasional (OSN) Juara Bidang Informatika/Komputer,Olimpiade Komputer,Provinsi,Individu,2023,"Pusat Prestasi Nasional (Puspresnas) Kementerian Pendidikan, Kebudayaan, Riset dan Teknologi"
424001098-1-1,Peserta Piagam Oimpiade Sains Nasional Tingkat Propinsi (OSN-P) Bidang Informatika/Komputer,Olimpiade Komputer,Provinsi,Kelompok,2023,Dinas Pendidikan Provinsi Sulawesi Selatan
424000956-1-1,Olimpiade Siswa Prestasi Akademik Nasional (OSPAN) Medali Emas Bidang Ekonomi,Olimpiade Ekonomi,Nasional,Individu,2023,Yapresindo
424000369-1-1,Lomba Pekan Keterampilan dan Seni Pendidikan Agama Islam Juara 1 Cabang Pidato,Tidak Terdefinisi,Kabupaten/Kota,Individu,2023,Kementerian Agama Kabupaten Buton Utara
424000147-3-1,Terbaik IV Lomba Karya Tulis Ilmiah,Penelitian,Provinsi,Individu,2023,MW KAHMI
424000147-2-1,Indonesian Science & Mathematics Competition Medali Emas Bidang Studi : Biologi,Olimpiade Biologi,Nasional,Individu,2024,KEMA FMIPA UNPAD
424000147-1-1,National Young Scientist Innovation 2023 Medali Emas Bidang Biologi,Olimpiade Biologi,Nasional,Individu,2023,Pusat Olimpiade Sains Indonesia (POSI)
423416958-3-1,Bali International Choir Festival - Gospel & Spiritual Category - Silver Medal,Seni Suara/Musik,Internasional,Individu,Di luar batas,Bali International Choir Festival
423402748-1-1,BRICSMATH.COM+ Kompetisi Matematika Internasional Online,Olimpiade MTK,Internasional,Individu,Di luar batas, BRICSMATH.COM+
423397552-1-1,Customs and Excise Festival for High School - Top 30 Lomba Cover Lagu,Seni Suara/Musik,Nasional,Individu,2021, Direktorat Jenderal Bea dan Cukai
423372681-2-1,Jamboree On The Air dan Jamboree On The Internet,Pramuka/Organisasi Ekstrakulikuler,Provinsi,Individu,2021,Kwartir Daerah Gerakan Pramuka Sulawesi Selatan
423359227-3-1,Jamboree On The Air On The Internet (JOTA JOTI) 2022,Pramuka/Organisasi Ekstrakulikuler,Provinsi,Individu,2022, ORARI Lokal Polewali Mandar
423327125-1-1,G20 Choir Festival - Online Competition Senior High School Choir - Silver Medal,Seni Suara/Musik,Internasional,Kelompok,2022, PENABUR INTERNATIONAL
423307142-2-1,Kreasi Seni Tari Toraja,Drama/Sastra,Nasional,Individu,2022,Badan Pariwisata dan Ekonomi Kreatif Republik Indonesia
423298028-1-1,Jamboree On The Air Jamboree On The Internet (JOTA-JOTI) 2022,Pramuka/Organisasi Ekstrakulikuler,Internasional,Individu,2022,World Organization of the Scout Movement
423230023-1-1,International Science and Technology Fair - Mechanical Engineering - Finalist,Penelitian,Internasional,Individu,2022,Universitas Pertamina
423229312-1-1,Lomba Matematika Antar SMA/SMK/MA Tingkat Nasional 2021,Olimpiade MTK,Nasional,Individu,2021,FMIPA Universitas Negeri Yogyakarta
423221938-1-1,Online Science Project Competition 2022 - Life Science,Penelitian,Nasional,Individu,2022,Indonesian Scientist Association
423179833-2-1,International Medical and Science Application Competition (MEDSPIN),Olimpiade(Lainnya),Internasional,Individu,2022,Faculty of Medicine Universitas Airlangga Student Executive Board
423146308-2-1, Lomba Peneliti Belia Nasional 2022 - Psychology - Finalist,Penelitian,Nasional,Individu,2022,Center for Young Scientists
423145884-2-1,International Science and Primary Medical Competition (CARDION 2023),Olimpiade(Lainnya),Internasional,Individu,2023,UIN Maulana Malik Ibrahim Malang
423145884-1-1,International Medical and Science Application Competition (MEDSPIN),Olimpiade(Lainnya),Internasional,Individu,2022,Faculty of Medicine Universitas Airlangga Student Executive Board
423138466-1-1,Juara 1 Lomba Bulan Keselamatan Berlalu Lintas 2022,Olimpiade(Lainnya),Nasional,Individu,2022,PT Astra International Tbk
423114291-1-1,Indonesia International Applied Science Project Olympiad - Silver Medal,Penelitian,Internasional,Individu,2022,Indonesian Young Scientist Association (IYSA)
423113773-1-1,International Science Olympiad - Biology - Bronze Medal,Olimpiade Biologi,Internasional,Individu,2022,LKII
423106044-2-4,Peserta FLS2N-SD,Seni Suara/Musik,Kabupaten/Kota,Individu,Di luar batas,Dinas Pendidikan Kabupaten Barru
423106044-1-6,Juara 1 Nyayi Solo,Seni Suara/Musik,Tidak Terdefinisi,Individu,2022,SMAN 2 Barru
423106044-1-5,Juara 1 Lomba Nyanyi Solo,Seni Suara/Musik,Tidak Terdefinisi,Individu,2021,SMAN 2 Barru
423106044-1-4,Peserta FLS2N-SD,Seni Suara/Musik,Kabupaten/Kota,Individu,Di luar batas,Dinas Pendidikan Kabupaten Barru
423106044-1-3,Peserta FLS2N-SMP,Seni Suara/Musik,Provinsi,Individu,Di luar batas, Dinas Pendidikan Provinsi Sul-Sel
423106023-1-1,Medali Perak Matematika Olimpiade Nasional Sains dan Bahasa(OSNB),Olimpiade MTK,Nasional,Individu,2023,BRAINDICATOR
423105655-1-1,Juara 2 Iptek & Inovasi Daerah,Penelitian,Kabupaten/Kota,Individu,2021,"Badan Perencanaan Penbangunan , Penelitian, dan Pengembangan Daerah, Kab Kep. Selayar "
423104808-1-1,Best Speaker English Debating Tournament,Olimpiade(Lainnya),Kabupaten/Kota,Individu,2022,MGMP Bahasa Inggris Kota Makassar
423103937-1-1,Juara 1 Lomba Debat Olimpiade Pendidikan Bahasa dan Sastra Indonesia,Olimpiade(Lainnya),Nasional,Kelompok,2022,Universitas Negeri Makassar
423103565-2-1,Peserta KSM-P,Olimpiade Biologi,Provinsi,Individu,2022,Kementrian Agama Republik Indonesia
423103318-3-1,Sertifikat Latihan Kepemimpinan Pramuka,Pramuka/Organisasi Ekstrakulikuler,Kabupaten/Kota,Individu,2022,Gerakan Pramuka Gudep Bone
423103318-2-1,Sertifikat LDKPD,Pramuka/Organisasi Ekstrakulikuler,Tidak Terdefinisi,Individu,2021,OSIS UPT SMAN 1 Bone
423103318-1-1,Sertifikat Syarat-syarat Kecakapan Umum(SKU) ,Pramuka/Organisasi Ekstrakulikuler,Tidak Terdefinisi,Individu,2021,Pangkalan SMAN 1 Bone
423103256-3-1,Medali Emas National Applied Science Project Olympiad ,Penelitian,Nasional,Kelompok,2022,FSAD-ITS & Indonesian Young Scientist Association
423103256-2-1,Medali Perak Wold Invention Competition and Exhibition,Penelitian,Internasional,Kelompok,2022,SEGi University & Indonesian Young Scientist Association
423103256-1-1,Medali Emas Penelitian National Applied Science Project Olympiad,Penelitian,Nasional,Kelompok,2021,FSAD-ITS & Indonesian Young Scientist Association
423103030-1-1,Top 10 Lomba Matematika Ki Hajar Dewantara Cup,Olimpiade MTK,Nasional,Individu,2022,Insight Olimpiade
423102910-3-1,Medali Perak  Biologi Kompetisi Sains Indonesia,Olimpiade Biologi,Nasional,Individu,2021,POSI (pelatihan olimpiade sains indonesia)
423102910-2-1,Medali Perunggu Bahasa Indonesia,Olimpiade(Lainnya),Nasional,Individu,2021,YES Olympic
423102907-3-1,Medali Perunggu Matematika,Olimpiade MTK,Nasional,Individu,2022,Platform Edukasi Pelajar University
423102907-2-1,Medali Emas Ekonomi,Olimpiade Ekonomi,Nasional,Individu,2022,Platform Edukasi Pelajar University
423102907-1-1,Finalis LKTI,Penelitian,Nasional,Individu,2022,Universitas Haluoleo
423102694-1-1,Finalis Desain Poster,Seni Rupa/Lukis,Provinsi,Individu,2022,Dinas Pendidikan Prov Sul-Sel
423102517-2-1,Peserta Lomba Bahasa Jerman,Drama/Sastra,Provinsi,Individu,2021,Goethe- Institut Indonesian
423102517-1-1,Juara 1 Lomba Kaligrafi,Seni Rupa/Lukis,Tidak Terdefinisi,Individu,2022,ROHIS SMAN 15 Makassar
423102465-1-1,Sertifikat Kihajar STEM,Olimpiade Komputer,Nasional,Individu,2022,"Kementerian Pendidikan, Kebudayaan,Ristek"
423102308-1-1,Peserta Kegiatan Jurnalistik,Pramuka/Organisasi Ekstrakulikuler,Tidak Terdefinisi,Individu,2021,Ektrakurikuler Jurnalistik SMAN 1 Bone
423101924-1-3,Juara 2 Olimpiade Biologi,Olimpiade Biologi,Provinsi,Individu,2021,University ID
423101924-1-2,Medali Perak Biologi,Olimpiade Biologi,Nasional,Individu,2021,University ID
423101924-1-1,Finalis Festival Olimpiade,Olimpiade(Lainnya),Nasional,Individu,2021,University ID
423101649-3-1,Peserta Proposal Riset  ,Penelitian,Nasional,Individu,2022,NANOEDU
423101649-2-1,Juara 3 Panahan,Olahraga,Kabupaten/Kota,Individu,Di luar batas,Fakultas Ilmu Olahraga UNM
423101649-1-1,Medali Emas Lomba Fisika,Olimpiade Fisika,Nasional,Individu,2023,Prestige
423101555-3-9,Finalis Kompetis Manajemen,Olimpiade(Lainnya),Nasional,Individu,2021,KOMFESTA
423101555-3-8,Finalis Kompetisi Hukum,Olimpiade(Lainnya),Nasional,Individu,2021,KOMFESTA
423101555-3-7,Piagam Penghargaan Penulis Nasional,Drama/Sastra,Nasional,Individu,Di luar batas,GMB- Indonesia
423101555-3-6,Peserta Kompetisi Debat Hukum,Olimpiade(Lainnya),Nasional,Kelompok,2022,Universitas Muhammadiyah Kendari 
423101555-3-5,Medali Perunggu Sosiologi,Olimpiade(Lainnya),Nasional,Individu,2021,Indonesia Student News
423101555-3-4,Juara 11 Olimpiade Geografi,Olimpiade Geografi,Nasional,Individu,2021,Universitas Sumatera Utara
423101555-3-3,Juara 2 Lomba Essay ,Penelitian,Nasional,Individu,2022,MAN IC Kota Batam
423101555-3-2,Juara 1 Lomba Karya Ilmiah Kepahlawanan,Penelitian,Provinsi,Individu,2021,Dinas Sosial Prov. Sulawesi Tenggara
423101555-3-11,Juara 1 Lomba Speech,Drama/Sastra,Tidak Terdefinisi,Individu,2022,Man IC Kota Kendari
423101555-3-10,Juara 1 Essay,Penelitian,Tidak Terdefinisi,Individu,2021,Man IC Kota Kendari
423101555-3-1,Peserta Lomba Karya Ilmiah Kepahlawanan,Penelitian,Nasional,Kelompok,2021,Dinas Sosial RI
423101555-2-3,Peserta Lomba Karya Inovasi Teknologi Pertahanan,Penelitian,Nasional,Kelompok,2022,Kementerian Pertahanan RI Badan Penelitian dan Pengembangan
423101555-2-2,Finalis LKTIR,Penelitian,Nasional,Kelompok,2022,Fakultas Keguruan dan Ilmu Pendidikan Universitas Haluoleo
423101555-2-1,Finalis Lomba Fisika Penerapan dan Rekayasa,Penelitian,Nasional,Kelompok,2022,"Pusat Prestasi Nasional(Puspresnas). Kementerian Pendidikan, Kebudayaan,Ristek . "
423101555-1-2,Finalis National Young Award ke-15,Penelitian,Nasional,Kelompok,2022,Badan Riset dan Inovasi Nasional
423101555-1-1,Sertifikat Special Award Lomba National Young Award ke-15,Penelitian,Nasional,Kelompok,2022,PT. Aneka  Fermentasi Industri
423101452-1-1,Peserta Olimpiade Sains Nasional (OSN) Tingkat Kabupaten,Olimpiade MTK,Provinsi,Individu,2022,Dinas Pendidikan Prov. Sul-Sel
423101312-3-1,Medali Emas FKIP UISU Science Competition,Olimpiade Komputer,Nasional,Individu,2022,FKIP Universitas Islam Sumatera Utara 
423101312-2-1,Juara 1 Olimpiade Matematika,Olimpiade MTK,Nasional,Individu,2022,Edutainer Nusantara
423101312-1-1,Medali Perunggu Kompetisi Sains Madrasah (KSM),Olimpiade MTK,Nasional,Individu,2022,Kementerian Agama RI
423100872-1-1,Peserta Olimpiade Sains Nasional (OSN) Tingkat Provinsi,Olimpiade Fisika,Provinsi,Individu,2021,Dinas Pendidikan Prov. Sul-Sel
423091060-2-1,Customs and Excise Festival for High School - 40 Besar Lomba Voice Over,Seni Suara/Musik,Nasional,Individu,2021,Direktorat Jenderal Bea dan Cukai
423049900-3-1,International Medical and Science Application Competition (MEDSPIN),Olimpiade(Lainnya),Internasional,Individu,2022,Faculty of Medicine Universitas Airlangga Student Executive Board
423034780-3-1,The 3rd International Conference On Art And Cultural Exchange,Seni Rupa/Lukis,Internasional,Individu,Di luar batas,Nakhon Sawan Rajabath University
423030838-1-1,Piagam Penghargaan Juara 1 Traveling Kepalangmerahan pada kegiatan Jumpa Bakti Gembira (JUMBARA) IV PMR Tingkat Provinsi,Pramuka/Organisasi Ekstrakulikuler,Kabupaten/Kota,Individu,2022,Palang Merah Indonesia
423029694-2-1,Sertifikat peserta Pendidikan dan Latihan Dasar (DIKLATSAR) Palang Merah Remaja (PMR) Wira,Pramuka/Organisasi Ekstrakulikuler,Kabupaten/Kota,Individu,2022,Palang Merah Indonesia
423029493-1-1,Sertifikat peserta Kompetisi Sains Nasional tingkat Kabupaten Bidang Ilmu Astronomi,Olimpiade Astronomi & Astrofisika,Kabupaten/Kota,Individu,2022,Cabang Dinas Pendidikan Wilayah IV
423029164-1-1,Piagam Penghargaan peserta Kompetisi Sains Madrasah Tahun 2022 Tingkat Kabupaten/Kota bidang Matematika Terintegrasi,Olimpiade MTK,Kabupaten/Kota,Individu,2022,Kementerian Agama Republik Indonesia
423026404-3-1,Piagam Penghargaan peserta Kompetisi Sains Madrasah Tahun 2022 Tingkat Kabupaten/Kota bidang Fisika Terintegrasi,Olimpiade Fisika,Kabupaten/Kota,Individu,2022,Kementerian Agama Republik Indonesia
423024573-1-1,Sertifikat peserta Kompetisi Sains Nasional Tingkat Kabupaten Kota Jenjang SMA/MA,Tidak Terdefinisi,Kabupaten/Kota,Individu,2021,UPT SMAN 18 Luwu Utara
423024553-2-1, Piagam Penghargaan Juara LKS SMK bidang Lomba CAD Building (BRUP) pada Lomba Kompetensi Siswa (LKS) SMK Tingkat Provinsi,Olimpiade(Lainnya),Provinsi,Individu,2022,Dinas Pendidikan dan Kebudayaan Provinsi Kalimantan Utara
423024424-2-1,Sertifikat Penghargaan peserta Olimpiade Sains Nasional (OSN) Tingkat Kabupaten/Kota bidang Fisika,Olimpiade Fisika,Provinsi,Individu,2022,SMAN 1 Buntumalangka
423024424-1-1,Sertifikat Penghargaan peserta Kompetensi Sains Nasional (KSN) Tingkat Kabupaten/Kota bidang Matematika,Olimpiade MTK,Kabupaten/Kota,Individu,2021,SMAN 1 Buntumalangka
423023504-2-1,Sertifikat Penghargaan peserta Olimpiade Sains Nasional (OSN) Tingkat Kabupaten/Kota bidang Biologi,Olimpiade Biologi,Kabupaten/Kota,Individu,2021,SMAN 1 Buntumalangka
423023504-1-1,Sertifikat Penghargaan peserta Olimpiade Sains Nasional (OSN) Tingkat Kabupaten/Kota bidang Biologi,Olimpiade Biologi,Kabupaten/Kota,Individu,2022,SMAN 1 Buntumalangka
423022817-2-1,Sertifikat Juara 2 Olimpiade Fisika Tingkat SMA MA Kota Ternate dan Sekitarnya,Olimpiade Fisika,Kabupaten/Kota,Individu,2022,Universitas Khairun
423020442-2-1,Piagam Penghargaan Pemenang III Sains and Social Competition VI bidang Sosiologi tingkat SMA/SMK/MA,Olimpiade(Lainnya),Kabupaten/Kota,Individu,2022, LBB Harith Foundation
423020122-1-1,Sertifikat Finalist National Schools Debating Championship (NSDC),Drama/Sastra,Nasional,Individu,2022,Balai Pengembangan Talenta Indonesia
423019614-1-1,Sertifikat Apresiasi peserta Kompetisi Sains Ruangguru 2021 bidang Biologi tingkat SMA/MA,Olimpiade Biologi,Nasional,Individu,2021,Ruangguru
423018784-1-1,Piagam Penghargaan peserta Kompetisi Sains Nasional Tingkat Kota (KSN-K) bidang Matematika,Olimpiade MTK,Kabupaten/Kota,Individu,2022,UPT SMAN 13 Makassar
423018755-1-1,Piagam Penghargaan Juara II Kompetisi Sains Madrasah Tahun 2022 Tingkat Provinsi bidang Geografi Terintegrasi,Olimpiade Geografi,Provinsi,Individu,2022,Kementerian Agama Republik Indonesia
423017903-1-1,Piagam Penghargaan peserta Kompetisi Sains Madrasah Tahun 2022 Tingkat Kabupaten/Kota bidang Biologi Terintegrasi,Olimpiade Biologi,Kabupaten/Kota,Individu,2022,Kementerian Agama Republik Indonesia
423017515-1-1,Sertifikat Juara 1 Olimpiade Sains Nasional Tingkat Kabupaten/Kota (OSN-K) bidang Biologi,Olimpiade Biologi,Kabupaten/Kota,Individu,2022,Cabang Dinas Pendidikan Wilayah VIII
423017306-2-1,Sertifikat peserta Kegiatan Pembekalan Duta Anak Sulawesi Selatan,Pramuka/Organisasi Ekstrakulikuler,Provinsi,Individu,2021,"Dinas Pemberdayaan Perempuan, Perlindungan Anak, Pengendalian Penduduk dan Keluarga Berencana"
423016918-3-1,Piagam Penghargaan Pemenang I kegiatan Lomba Puisi dalam rangka Bulan Bahasa dan Sastra 2020,Drama/Sastra,Provinsi,Individu,Di luar batas, Kantor Bahasa Provinsi Sulawesi Tenggara
423016290-2-6,Sertifikat peserta Lomba Ilmiah Kepahlawanan Tingkat SMA SMK MA se Sulawesi Selatan,Penelitian,Provinsi,Individu,2021,Dinas Sosial Provinsi Sulawesi Selatan
423014652-3-1,iagam Penghargaan peserta Kompetisi Sains Madrasah Tahun 2022 Tingkat Provinsi bidang Fisika Terintegrasi,Olimpiade Fisika,Provinsi,Individu,2022,Kementerian Agama Republik Indonesia
423014472-1-1,Sertifikat sebagai Duta SMA Provinsi Sulawesi Tenggara dalam Tantangan Inovasi Siswa SMA (TANOS),Pramuka/Organisasi Ekstrakulikuler,Provinsi,Individu,2022,Direktorat SMA
423014201-3-1,Piagam Penghargaan sebagai Runner Up Putera Belia Sulawesi Selatan 2021,Pramuka/Organisasi Ekstrakulikuler,Provinsi,Individu,2021,Putera Belia
423013846-1-1,BRICSMATH.COM+ Olimpiade Matematika Online Internasional,Olimpiade MTK,Internasional,Individu,2021,BRICSMATH.COM+
423013365-3-1,Sertifikat Juara 1 Lomba Desain Poster Jenjang SMA/SMK dalam rangka memperingati HUT ke-9 LPMP Provinsi Papua Barat,Seni Rupa/Lukis,Provinsi,Individu,2022,LPMP Papua Barat
423013365-2-1,Piagam Penghargaan Juara I Bidang Lomba Desain Poster pada Festival Dan Lomba Seni Siswa Nasional (FLS2N) Tingkat Provinsi,Seni Rupa/Lukis,Provinsi,Individu,2022,Dinas Pendidikan Provinsi Papua Barat
423013035-1-1,Sertifikat peserta Olimpiade Sains Nasional (OSN) SMA/MA tingkat Kabupaten/Kota bidang Kimia,Olimpiade Kimia,Kabupaten/Kota,Individu,2022,SMA Negeri 22 Makassar
423012042-2-1,"Sertifikat Pembinaan Minat, Bakat dan Kreativitas Siswa SMA (Diklat Penguatan Karakter Bagi Pembina dan Pengurus OSIS)",Pramuka/Organisasi Ekstrakulikuler,Provinsi,Individu,2022,Dinas Pendidikan dan Kebudayaan Provinsi Sulawesi Tenggara
423011050-3-1,Sertifikat peserta Kompetisi Sains Nasional tingkat Kabupaten Bidang Ilmu Kebumian,Olimpiade Ilmu Kebumian,Kabupaten/Kota,Individu,2022,Cabang Dinas Pendidikan Wilayah IV
423011050-2-1,Jejak Tradisi Daerah XI - Pemenang kegiatan dengan tema Aktivitas Budaya Masyarakat Pesisir,Drama/Sastra,Provinsi,Individu,2022,Balai Pelestarian Nilai Budaya Provinsi Sulawesi Selatan
423011050-1-1,Piagam Penghargaan Lomba Menulis Essay  Juara 3 Tingkat Provinsi Sulawesi Selatan dalam rangka memperingati Hari Anak Nasional,Drama/Sastra,Provinsi,Individu,2022,Tim Penggerak PKK Sulawesi Selatan
423010193-2-1,Juara 2 Lomba Membuat Video Putri Tingkat Penegak LKP3 Regional,Pramuka/Organisasi Ekstrakulikuler,Provinsi,Individu,2022,UKM Pramuka Racana Universitas Muhammadiyah Sinjai
423010193-1-1,Peraih Medali Emas Tingkat Nasional Mata Pelajaran Matematika Olimpiade Sains Soekarno,Olimpiade MTK,Nasional,Individu,2022,PT Lembaga Sains Indonesia
423009929-2-1,Peserta Kegiatan Kemah Merdeka Toleransi,Pramuka/Organisasi Ekstrakulikuler,Provinsi,Individu,2022,Kantor Wilayah Kementerian Agama Provinsi Sulawesi Selatan
423009740-1-1,Juara II Monolog Festival Lomba Seni Siswa Nasional (FLS2N) Tingkat Provinsi Kalimantan Utara,Drama/Sastra,Provinsi,Individu,2021,Dinas Pendidikan dan Kebudayaan Provinsi Kalimantan Utara
423009721-1-1,Juara 3 Bidang Lomba Vocal Solo Putra Memperingati HUT SMAN 1 Dompu ke-59,Seni Suara/Musik,Tidak Terdefinisi,Individu,2022,SMAN 1 Dompu
423009634-3-1,Juara 2 Spelling Competition dalam Youth English Competition,Olimpiade(Lainnya),Provinsi,Individu,2022,LKP Fath Eshan
423009634-2-1,Finalis Business Innovation Competition (BIC) di Pasar Lokal 2021,Olimpiade(Lainnya),Tidak Terdefinisi,Individu,2021,BEM ESQ Business School
423009634-1-1,Peserta KSN Tingkat Provinsi Tahun 2021 Astronomi,Olimpiade Astronomi & Astrofisika,Provinsi,Individu,2021,Cabang Dinas Pendidikan Wilayah V Kab. Bantaeng - Bulukumba
423009579-1-2,Praktek Kerja Lapangan di Dinas Kebudayaan Kota Makassar,Tidak Terdefinisi,Kabupaten/Kota,Individu,2022,Dinas Kebudayaan Kota Makassar
423009579-1-1,Peserta Focus Group Discussion (FGD) Membangun Standard Pelayanan Perijinan Cagar Budaya,Tidak Terdefinisi,Kabupaten/Kota,Individu,2022,Dinas Kebudayaan Kota Makassar
423009517-3-1,Peserta Pendidikan dan Latihan Dasar (DIKLATSAR) Palang Merah Remaja (PMR) Wira,Pramuka/Organisasi Ekstrakulikuler,Kabupaten/Kota,Individu,2023,Palang Merah Indonesia Kabupaten Kepulauan Selayar
423009517-2-1,Peserta Babak Golden Ticket tingkat SMA/sederajat se-Indonesia dalam Mathematics Event XXII,Olimpiade MTK,Nasional,Individu,2022,Himpunan Mahasiswa Matematika FMIPA Universitas Hasanuddin
423009517-1-1,Juara 1 Kompetisi Sains Nasional (KSN) Bidang Fisika Tingkat SMA Kabupaten Kepulauan Selayar,Olimpiade Fisika,Kabupaten/Kota,Individu,2021,Dinas Pendidikan Cabang Dinas Pendidikan Wilayah VI Kabupaten Kepulauan Selayar
423009430-3-1,Cendekia Islamic Competition ,Olimpiade(Lainnya),Nasional,Individu,2023,LDKS FDI UIN Syarif Hidayatullah Jakarta
423009430-2-1,Pekan Pemuda Riset dan Inovasi Nasional NTB,Penelitian,Nasional,Individu,2022,BRIN
423009255-2-1,Saturday Digital (Pembuatan Twibbon dengan Canva),Tidak Terdefinisi,Tidak Terdefinisi,Individu,2022,Satgasnas Pandu Digital
423009255-1-1,Genz and YPD Vol II Lomba Cerdas Cermat,Olimpiade(Lainnya),Tidak Terdefinisi,Individu,2022,Sons of Adam Makassar Timur
423009023-1-1,Festival Pelajar SMA 2022 Lomba Seni Kriya Terarium,Seni Rupa/Lukis,Provinsi,Individu,2022,Dinas Pendidikan Provinsi 
423008329-3-1,Cendekia Islamic Competition ,Olimpiade(Lainnya),Nasional,Individu,2023,LDKS FDI UIN Syarif Hidayatullah Jakarta
423008329-2-1,Expo 4190rithm Lomba Digital Islamic Animation,Drama/Sastra,Provinsi,Individu,2023,SMAIT AL-Fityan School Gowa
423008278-1-1,Olimpiade Sains Nasional,Olimpiade Geografi,Nasional,Individu,2022,Pusat Prestasi Nasional
423008153-3-1,Forum Anak Butta Toa ,Pramuka/Organisasi Ekstrakulikuler,Kabupaten/Kota,Individu,2022,Bupati Bantaeng
423008153-2-1,Peserta Hari Anak Sedunia,Tidak Terdefinisi,Nasional,Individu,2022,Kementrian Pemberdayaan dan Perlinfungan Anak Republik Indonesia
423008153-1-1,Kompetisi Sains Nasional (OSN-P) SMA,Tidak Terdefinisi,Provinsi,Individu,2022,Dinas Pendidikan Provinsi 
423008133-2-1,Introductory course for African outbreak contexts,Tidak Terdefinisi,Internasional,Individu,2022,World Health Organization
423008133-1-1,COVID-19 Respiratory Equipment,Tidak Terdefinisi,Internasional,Individu,2022,World Health Organization
423007731-1-2,"Olimpiade Sains Pelajar Nasional Tingkat SMA bidang Biologi, Harapan 2 Provinsi Sulawesi Selatan",Olimpiade Biologi,Provinsi,Individu,2022,Sigma Sains Indonesia
423006605-2-1,Penghargaan sebagai Peserta Cerdas Cermat Smart BIK 2021,Olimpiade(Lainnya),Provinsi,Individu,2021,Otoritas Jasa Keuangan
423006605-1-1,"Sertifikat Pembinaan Minat, Bakat dan Kreativitas Siswa SMA (Diklat Penguatan Karakter Bagi Pembina dan Pengurus OSIS)",Pramuka/Organisasi Ekstrakulikuler,Provinsi,Individu,2022,Dinas Pendidikan dan Kebudayaan Provinsi Sulawesi Tenggara
423003664-3-1,Kompetisi Sains Nasional,Olimpiade Biologi,Kabupaten/Kota,Individu,2022,Pemprov Sulawesi Selatan
423003664-2-1,Kegiatan Latihan Gabungan PMR Tingkat Madya dan Wira,Pramuka/Organisasi Ekstrakulikuler,Kabupaten/Kota,Individu,2022,PMI Soppeng
423002052-3-1,Sertifikat Lomba Jurnalistik,Tidak Terdefinisi,Kabupaten/Kota,Individu,2022,Radar Sorong
423002052-2-1,Piagam Penghargaan National Young Inventors Award ke-15,Penelitian,Nasional,Kelompok,2022,Badan Riset dan Inovasi Nasional (BRIN).
423002052-1-1,Sertifikat Special Award,Penelitian,Nasional,Kelompok,2022,Badan Riset dan Inovasi Nasional (BRIN).
423002020-2-1,Sertifikat Top 50 Bintang SMA,Tidak Terdefinisi,Nasional,Individu,2021,Pocari Sweat
423002020-1-1,Sertifikat Duta Kosmetik Aman,Tidak Terdefinisi,Nasional,Individu,2022,Badan POM
423001836-1-1,Piagam Penghargaan Hifdzul Qur'an,Tidak Terdefinisi,Kabupaten/Kota,Individu,2022,
423001710-3-1,"Sertifikat Sebagai Penulis Buku dengan Judul ""Jangan Khawatir, ada Allah""",Tidak Terdefinisi,Tidak Terdefinisi,Individu,2021,Aksara Bersama
423001664-1-1,Piagam Penghargaan Ketua Pelaksana Peringatan Hari Ulang Tahun ke-77 Kemerdekaan Republik Indonesia Tahun 2022,Tidak Terdefinisi,Nasional,Individu,2022,Kementerian Sekretariat Negara RI
423000886-3-3,Juara 1 Video Competition Program Toyota Eco Youth 12,Tidak Terdefinisi,Nasional,Kelompok,2022,Toyota Indonesia
423000886-3-2,Finalist Program Toyota Eco Youth 12,Tidak Terdefinisi,Nasional,Individu,2022,Toyota Indonesia
423000869-1-1,Juara Harapan 1 Bidang Studi Biologi Terintegrasi,Olimpiade Biologi,Kabupaten/Kota,Individu,2022,Kementerian Agama Republik Indonesia
423000761-2-1,Medali Emas Olimpade Fisika,Olimpiade Fisika,Nasional,Individu,2022,Dvya COMPETTION
423000658-3-1,Peserta Mayapada Olympad,Tidak Terdefinisi,Nasional,Individu,2022,Olimpiade Indonesia
423000658-2-1,Medali Perunggu Biologi,Olimpiade Biologi,Nasional,Individu,2022,Patreon Indonesia
423000658-1-1,Medali Perunggu Kimia,Olimpiade Kimia,Nasional,Individu,2022,Patreon Indonesia
423000532-1-1,Sertifikat Ketua MPK,Pramuka/Organisasi Ekstrakulikuler,Tidak Terdefinisi,Individu,2022,SMA Negeri 5 Makassar
423000488-1-1,Peserta KSN tingkat Kabupaten,Olimpiade Kimia,Kabupaten/Kota,Individu,2022,Dinas Pendidikan UPT SMAN 10 Bulukumba
4220650556_1-1,International Young Scientists Innovation Exhibition - Bronze Award,Penelitian,Internasional,Individu,2021,Malaysia Young Scientists Organisation
4220628793_3-1,Omar Khayyam International Invention and Innovation Festival - Silver Medal,Penelitian,Internasional,Individu,2022,Isfahan University of Technology Iran
4220563204_1-1,International Student Leaders Exchange Registration,Pramuka/Organisasi Ekstrakulikuler,Internasional,Individu,2021,AFSEC
4220549295_1-1,Model United Nations - Honorable Mention as Canada Delegate in UNICEF,Pramuka/Organisasi Ekstrakulikuler,Internasional,Individu,2021,Sustainable Goals Society Model UN Club
4220524240_3-1,Poetry & Short Story Writing Competition - Contributor,Drama/Sastra,Internasional,Individu,2021,Event Menulis Nasional
4220524240_1-1,Poetry & Short Story Writing Competition - Best 200 Poems,Drama/Sastra,Internasional,Individu,2021,Event Menulis Nasional
4220477861_1-1,International Poetry Writing Competition Participant,Drama/Sastra,Internasional,Individu,2020,EDUSASTRA ID
4220477141_3-2,Teenager's International Choir Festival - Gold Medal Level III Winner,Seni Suara/Musik,Internasional,Individu,2021,Bali International Choir Festival
4220477141_2-2,10th Bali International Choir Festival - Gold Medal,Seni Suara/Musik,Internasional,Individu,2021,Bali International Choir Festival
4220455333_1-1,UNHCR International Model United Nations Delegate,Pramuka/Organisasi Ekstrakulikuler,Internasional,Individu,2022,UNHCR
4220418655_2-1,International Applied Biology Olympiad - Gold Award,Olimpiade Biologi,Internasional,Individu,2021,Indonesia Scientific Society
4220411405_3-1,UNHCR International Model United Nations Delegate,Pramuka/Organisasi Ekstrakulikuler,Internasional,Individu,2021,UNHCR
4220373972_2-1,Hong Kong International Mathematical Olympiad - Certificate of Participation,Olimpiade MTK,Internasional,Individu,2021,Hong Kong International Mathematical Olympiad
4220308537_1-1,International Science and Invention Fair - Gold Medal,Penelitian,Internasional,Individu,2020,IYSA
4220286431_3-1,International Applied Biology Olympiad - Semifinalist,Olimpiade Biologi,Internasional,Individu,2021,Indonesia Scientific Society
4220272452_1-1,International Science Olympiad University of North Sumatera - Biology B | olimpiade biologi,Olimpiade Biologi,Internasional,Individu,2020,University of North Sumatera
4220268812_1-1,International Science and Invention Fair - Silver Medal,Penelitian,Internasional,Individu,2021,IYSA
4220236670_1-1,World Scholars Youth Program Certificate - Understanding Sustainability,Tidak Terdefinisi,Internasional,Individu,2021,San Diego State University Global Campus
4220215353_1-1,Asia Youth International Model United Nations - UNESCO Delegate,Pramuka/Organisasi Ekstrakulikuler,Internasional,Individu,2021,Asia Youth International MUN
4220211506_1-1,International Day for Disaster Risk Reduction Certificate,Tidak Terdefinisi,Internasional,Individu,2021,Geopark Tambora
4220177714_3-1,Asia World Model United Nations Virtual Conference Participant,Pramuka/Organisasi Ekstrakulikuler,Internasional,Individu,2021,Asia World Model United Nations
4220172409_1-1,UNHCR International Model United Nations Delegate,Pramuka/Organisasi Ekstrakulikuler,Internasional,Individu,2020,UNHCR
4220170578_2-1,International Webinar PARAMA FESTIVAL #1 Participant,Pramuka/Organisasi Ekstrakulikuler,Internasional,Individu,2022,OISAA
4220158123_1-1,International Science Olympiad University of North Sumatera,Olimpiade Ekonomi,Internasional,Individu,2020,University of North Sumatera
4220146911_1-1,Jejak Tradisi Daerah XI - Pemenang,Tidak Terdefinisi,Provinsi,Individu,2021,Balai Pelestarian Nilai Budaya Provinsi Sulawesi Selatan
4220146168_1-1,Kompetisi Sains Madrasah Bidang Studi Geografi Terintegrasi - Juara 5,Olimpiade Geografi,Provinsi,Individu,2021,Kementerian Agama Republik Indonesia
4220143191_3-1,Lomba Ceramah Keagamaan - Juara 3 Putra,Drama/Sastra,Kabupaten/Kota,Individu,2021,Dinas Pendidikan dan Kebudayaan Provinsi Kalimantan Timur
4220143191_2-2,Turnamen 3X3 Basketball Competition - Juara 2,Olahraga,Kabupaten/Kota,Kelompok,2022,SMA Negeri 1 Long Kali
4220142891_1-1,Kompetisi Sains Nasional (KSN) Bidang Lomba Kebumian - Peserta,Olimpiade Ilmu Kebumian,Provinsi,Individu,2021,Dinas Pendidikan Provinsi Sulawesi Selatan
4220141793_2-1,Kompetisi Sains Nasional (KSN) Bidang Studi Matematika - Peserta,Olimpiade MTK,Provinsi,Individu,2020,"Dinas Pendidikan, Perpustakaan dan Arsip Daerah Provinsi Papua"
4220141451_1-1,Kompetisi Sains Nasional (KSN) Bidang Lomba Kimia - Peserta,Olimpiade Kimia,Provinsi,Individu,2021,Dinas Pendidikan Provinsi Sulawesi Selatan
4220141128_2-1,Master Competition Lomba Biologi Kategori Individu - Juara 1,Olimpiade Biologi,Provinsi,Individu,2022, LKP Master Course
4220139830_1-1,Kompetisi Sains Nasional (KSN) Bidang Lomba Biologi - Peserta,Olimpiade Biologi,Provinsi,Individu,2021,Dinas Pendidikan Provinsi Sulawesi Selatan
4220138178_1-1,Kompetisi Sains Nasional (KSN) Bidang Lomba Kebumian - Peserta,Olimpiade Ilmu Kebumian,Provinsi,Individu,2021,Dinas Pendidikan Provinsi Sulawesi Selatan
4220133630_1-1,Kompetisi Sains Nasional (KSN) Bidang Matematika - Juara 3,Olimpiade MTK,Kabupaten/Kota,Individu,2020,"Cabang Dinas Pendidikan Wilayah VIII Barru, Parepare Sidrap"
4220129311_2-1,"CREATE-Talks untuk pelajar SMA bertema ""Perempuan dalam Skena Musik Makassar""",Tidak Terdefinisi,Provinsi,Individu,2021,Yayasan Humanis dan Inovasi Sosial
4220121006_3-1,International Science and Primary Medical Olympiad - Semifinalist,Olimpiade(Lainnya),Internasional,Individu,2022,Faculty of Medicine UIN Malang
4220120427_3-1,Indonesia Science Competition (ISC) Bidang Matematika - Peraih Medali Emas,Olimpiade MTK,Nasional,Individu,2021,Forum Pecinta Kompetisi Sains (FPOKSI)
4220120238_2-1,Kompetisi Sains Madrasah Bidang Studi Biologi Terintegrasi,Olimpiade Biologi,Provinsi,Individu,2021,Kementerian Agama Republik Indonesia
4220114804_1-1,International Student Leaders Exchange Registration |,Pramuka/Organisasi Ekstrakulikuler,Internasional,Individu,2021,AFSEC
4220114524_1-1,Kompetisi Sains Nasional Tingkat Kabupaten Kota (KSN-K) bidang Biologi,Olimpiade Biologi,Kabupaten/Kota,Individu,2020,Cabang Dinas Pendidikan Wilayah VII Jeneponto-Takalar
4220113721_1-1,Bulan Inklusi Keuangan 2021 - Peserta Cerdas Cermat Smart BIK,Tidak Terdefinisi,Provinsi,Individu,2021,Otoritas Jasa Keuangan Provinsi Sulawesi Tenggara
4220113493_1-1,Peserta Jambore Nasional Generasi Hijau 2021,Pramuka/Organisasi Ekstrakulikuler,Nasional,Individu,2021,Green Generation Indonesia
4220112937_2-1,Workshop Tentang Kita Bagi Pengelola PIK Remaja Tingkat Provinsi,Tidak Terdefinisi,Provinsi,Individu,2021,BKKBN Provinsi Sulawesi Selatan
4220112534_3-1,Jumbara PMI PMR 2015 - PMR Mula,Pramuka/Organisasi Ekstrakulikuler,Provinsi,Individu,Di luar batas,Palang Merah Indonesia Provinsi Sulawesi Barat
4220112444_1-1,Medical International Society Championship (MEDCHA) 2.0 - Second Runner-up Debate,Drama/Sastra,Internasional,Individu,2021,Universitas Lambung Mangkurat
4220111785_2-1,Festival Kompetisi Sains Indonesia (FKSI) bidang Kimia - Peraih Medali Emas,Olimpiade Kimia,Nasional,Individu,2021,Forum Pecinta Kompetisi Sains (FPOKSI)
4220111386_3-1,"Panitia pada Kegiatan Webinar Kesehatan PIK-R dengan tema ""Seberapa Pentingkah Kesehatan Fisik dan Mental di Usia Remaja?""",Pramuka/Organisasi Ekstrakulikuler,Kabupaten/Kota,Individu,2021,Dinas Pengendalian Penduduk & Keluarga Berencana Kota Makassar
4220111386_2-1,Jambore Ajang Kreatifitas Genre Dalam Penyiapan Kehidupan Berkeluarga Bagi Remaja,Pramuka/Organisasi Ekstrakulikuler,Provinsi,Individu,2020,BKKBN Provinsi Sulawesi Selatan
4220110743_1-1, Kompetisi Sains Nasional Tingkat Provinsi (KSNP) bidang Biologi - Finalis,Olimpiade Biologi,Provinsi,Individu,2021,Cabang Dinas Dikbud Lombok Tengah
4220110158_1-1,Olimpiade Sains Nasional Tingkat Kabupaten (OSN-K) bidang Kimia,Olimpiade Kimia,Kabupaten/Kota,Individu,2020,UPT SMA Negeri 9 Luwu
4220109971_2-1,International English Roadshow Participant,Pramuka/Organisasi Ekstrakulikuler,Internasional,Individu,2020,CV. Vermonia Group
4220109971_1-1,Kompetisi Sains Nasional-Kabupaten (KSN-K) bidang Kebumian,Olimpiade Ilmu Kebumian,Kabupaten/Kota,Individu,2020,MKKS SMA-MA Kabupaten Bulukumba
4220089308_2-1,Juara I Tunggal Putri SMP pada Kejuaraan Bulutangkis Terbuka Bupati Cup 2018 Se Kab Kepulauan Selayar,Olahraga,Kabupaten/Kota,Individu,Di luar batas,PBSI Kab Kepulauan Selayar
4220089308_1-1,Juara II Kelompok Umur 18 Tahun Putri pada Kejuaraan Bulutangkis Bupati Cup 2019 Se Kabupaten Kepulauan Selayar,Olahraga,Kabupaten/Kota,Individu,Di luar batas,Pemerintah Kabupaten Kepulauan Selayar
4220086172_1-1,Juara pada kegiatan Olimpiade Bahasa Inggris dengan kategori Lomba Story Telling tingkat SMA se-Kabupaten Takalar,Olimpiade(Lainnya),Kabupaten/Kota,Individu,2020,MGMP Bahasa Inggris SMA Kabupaten Takalar
4220083498_2-1,Partisipasi telah mengikuti Lomba Video Pendek Pengawasan Pemilu Partisipatif,Drama/Sastra,Kabupaten/Kota,Individu,Di luar batas,Bawaslu Kabupaten Maros
4220076942_2-1,International Contest for Young People Essay - Peace Essay,Drama/Sastra,Internasional,Individu,2020,The Goi Peace Foundation
4220076365_2-1,Juara III pada Kontes Video Pendek Pengawasan Pemilu Partisipatif Bawaslu Kabupaten Bulukumba,Drama/Sastra,Kabupaten/Kota,Individu,2021,Bawaslu Kabupaten Bulukumba
4220069597_3-1,1Juara 2 Putra Duta GenRe Kotamobagu 2021 dalam kegiatan Pemilihan Duta GenRe tingkat Kabupaten/Kota,Pramuka/Organisasi Ekstrakulikuler,Kabupaten/Kota,Individu,2021,Forum GenRe Indonesia Kotamobagu
4220066934_1-1,Panitia Pendidikan & Latihan Dasar (Diklatsar) PMR Wira Unit SMA Negeri 2 Tolitoli,Pramuka/Organisasi Ekstrakulikuler,Kabupaten/Kota,Individu,2021,Palang Merah Indonesia
4220065880_3-1,"Peserta pada kegiatan Pelatihan Pembina Dirosa dengan Tema ""Menjadi Pembina Dirosa yang Profesional di Era Milenial""",Pramuka/Organisasi Ekstrakulikuler,Kabupaten/Kota,Individu,2020,Muslimah Wahdah Islamiyah Dewan Pimpinan Daerah Gowa
4220063886_1-1,Telah mengikuti Praktik Klinik Kefarmasian (PKK) pada Rumah Sakit Umum Daerah (RSUD) dengan hasil Kompeten,Tidak Terdefinisi,Kabupaten/Kota,Individu,2021,RSUD Ki Hayyung Selayar
4220060923_1-1,Juara Lomba English Presentation Olimpiade Bahasa Inggris tingkat SMA se-Kabupaten Takalar,Olimpiade(Lainnya),Kabupaten/Kota,Individu,2020,MGMP Bahasa Inggris SMA Kabupaten Takalar
4220039621_1-1,UNHCR International Model United Nations Delegate,Pramuka/Organisasi Ekstrakulikuler,Internasional,Individu,2021,UNHCR
4220032373_3-1,Juara II Bidang Studi Fisika Terintegrasi Jenjang Madrasah Aliyah/Sederajat Kabupaten Soppeng pada Kompetisi Sains Madrasah Tingkat Kabupaten/Kota,Olimpiade Fisika,Kabupaten/Kota,Individu,2021,Kementerian Agama Republik Indonesia
4220029626_1-4,4Juara II Lomba Video Kreatif (Belajar di Pandemi Covid 19) pada Pemilihan Anak Kreatif Maluku Tengah,Drama/Sastra,Kabupaten/Kota,Individu,2020,Dinas PMN PPPA Kabupaten Maluku Tengah
4220025744_1-1,Juara II Bidang Studi Kimia Terintegrasi Jenjang Madrasah Aliyah/Sederajat Kabupaten Sidenreng Rappang pada Kompetisi Sains Madrasah Tingkat Kabupaten/Kota,Olimpiade Kimia,Kabupaten/Kota,Individu,2021,Kementerian Agama Republik Indonesia
4220025573_1-1,Pemenang Kedua KSN Matematika (SMAN 11 Pinrang) dalam Kegiatan Kompetisi Sains Nasional (KSN) Tingkat SMA Sederajat Se-Kabupaten Pinrang,Olimpiade MTK,Kabupaten/Kota,Individu,2020,Cabang Dinas Pendidikan Wilayah X
4220025565_3-1,Juara I Lomba Teknik Kontrol Industri pada Seleksi Lomba Kompetensi Siswa SMK Tingkat Provinsi Sulawesi Selatan,Olimpiade(Lainnya),Provinsi,Individu,2021,Dinas Pendidikan Provinsi Sulawesi Selatan
4220025565_2-1,Juara I Bidang Lomba Industrial Control pada Lomba Kompetensi Siswa (LKS) SMK Tk. Provinsi Sulawesi Selatan,Olimpiade(Lainnya),Provinsi,Individu,2021,Cabang Dinas Pendidikan Wilayah I Prov Sulawesi Selatan
4220025442_3-1,Juara pada lomba Video Orasi Ilmiah Tingkat SMA/SMK Seprovinsi Gorontalo dalam Rangka Memperingati Kemilau Bulan Bahasa 2020,Drama/Sastra,Provinsi,Individu,2020,Himpunan Mahasiswa Jurusan Bahasa dan Sastra Indonesia FSB UNG
4220025024_1-1,Juara I Bidang Studi Kimia Terintegrasi Jenjang Madrasah Aliyah/Sederajat Kabupaten Bantaeng pada Kompetisi Sains Madrasah Tingkat Kabupaten/Kota,Olimpiade Kimia,Kabupaten/Kota,Individu,2021,Kementerian Agama Republik Indonesia
4220024902_2-1,Peringkat II (kedua) Bidang Lomba Kimia Kompetisi Sains Nasional Tingkat Kabupaten (KSN-K) jenjang SMA/MA Kabupaten Gowa,Olimpiade Kimia,Kabupaten/Kota,Individu,2020,Cabang Dinas Pendidikan Wilayah II
4220024490_1-1,Juara 4 dalam Bidang Geografi pada Kompetisi Sains Nasional (KSN) Tingkat Kabupaten Kolaka Utara,Olimpiade Geografi,Kabupaten/Kota,Individu,2021,Kantor Cabang Dinas Pendidikan dan Kebudayaan Kabupaten Kolaka Utara
4220023957_3-1,Peserta Kompetisi Sains Nasional Kabupaten KSN-K Tingkat SMA Bidang Kimia,Olimpiade Kimia,Kabupaten/Kota,Individu,2021,UPT SMA Negeri 1 Luwu
4220023916_1-1,Peserta Bidang Lomba Matematika Kompetisi Sains Nasional (KSN) SMA/MA tingkat Provinsi Sulawesi Selatan,Olimpiade MTK,Provinsi,Individu,2021,Dinas Pendidikan Provinsi Sulawesi Selatan
4220023579_2-1,Juara 2 Provinsi Sulawesi Selatan Bidang Biologi pada Olimpiade Sains Siswa Nasional (OSSN) Tingkat SMA/MA/SMK Sederajat,Olimpiade Biologi,Provinsi,Individu,2021,Garuda Sains Indonesia
4220023579_1-1,Juara 1 Provinsi Sulawesi Selatan Mata Pelajaran Matematika pada Kompetisi Sains Tingkat Nasional,Olimpiade MTK,Provinsi,Individu,2022,Osains Indonesia
4220022589_1-1,Peringkat 10 (sepuluh) besar Lomba Film Pendek Festival dan Lomba Seni Siswa Nasional (FLS2N) SMA/MA tingkat Provinsi Sulawesi Selatan,Drama/Sastra,Provinsi,Individu,2021,Dinas Pendidikan Provinsi Sulawesi Selatan
4220020453_1-1,Peserta Mewakili Kabupaten Merauke Kegiatan Kompetisi Sains Nasional (KSN) Siswa SMA Tingkat Provinsi Bidang Fisika,Olimpiade Fisika,Provinsi,Individu,2020,"Dinas Pendidikan, Perpustakaan dan Arsip Daerah Provinsi Papua"
4220018771_1-1,Peserta Kompetisi Sains Nasional Tingkat Kota (KSN-K) Bidang Kimia,Olimpiade Kimia,Kabupaten/Kota,Individu,2021,UPT SMA Negeri 1 Makassar
4220018567_1-1,"Peraih Medali Perak dalam kegiatan ""Divya Competition 3.0"" Tingkat SMA/Sederajat se-Indonesia Bidang Biologi",Olimpiade Kimia,Nasional,Individu,2022,CV. Divya Cahaya Prestasi
4220018061_1-1,Peserta Lomba Kompetisi Sains Nasional Tingkat Kabupaten/Kota (KSN-K) SMA bidang INFORMATIKA,Olimpiade Komputer,Kabupaten/Kota,Individu,2021,Cabang Dinas Pendidikan Wilayah VII Jeneponto Takalar
4220017186_1-1,"Peringkat II (dua) Bidang Lomba ""Biologi"" pada Kompetisi Sains Nasional (KSN) SMA/MA Tingkat Kabupaten Luwu Utara",Olimpiade Biologi,Kabupaten/Kota,Individu,2021,Cabang Dinas Pendidikan Wilayah XII Kabupaten Luwu Timur dan Luwu Utara
4220016954_3-1,Juara pada Lomba Tutur Sejarah Koleksi Museum Tingkat SMA/SMK se-Provinsi Gorontalo,Olimpiade(Lainnya),Provinsi,Individu,2021,UPTD Museum Purbakala Dikbudpora Provinsi Gorontalo
4220016954_2-1,Peringkat 2 pada Kompetisi Sains Nasional Tingkat Kabupaten Gorontalo Bidang Biologi,Olimpiade Biologi,Kabupaten/Kota,Individu,2021,MKKS SMA Provinsi Gorontalo
4220016954_1-1,Juara II pada Festival dan Lomba Seni Siswa Nasional (FLS2N) Tingkat Provinsi Gorontalo Cabang Lomba BACA PUISI,Drama/Sastra,Provinsi,Individu,2021,Dinas Pendidikan Provinsi Gorontalo
4220015033_2-1,"Jejak Tradisi Daerah XI dengan tema ""Aktivitas Masyarakat Pesisir Sulawesi Selatan, Sulawesi Tenggara dan Sulawesi Barat""",Pramuka/Organisasi Ekstrakulikuler,Provinsi,Individu,2021,Balai Pelestarian Nilai Budaya Provinsi Sulawesi Selatan
4220015019_1-1,Peraih Medali Silver dalam ajang Olimpiade Sains dan PAI Nasional 2021 Bidang Matematika Jenjang SMA,Olimpiade MTK,Nasional,Individu,2021,"Yayasan Pendidikan, Pelatihan dan Olimpiade Edupreneur Global Indonesia (EGI)"
4220014556_1-1,Juara I Bidang Studi Ekonomi Terintegrasi Jenjang Madrasah Aliyah/Sederajat Kota Makassar pada Kompetisi Sains Madrasah Tingkat Kabupaten/Kota,Olimpiade Ekonomi,Kabupaten/Kota,Individu,2021,Kementerian Agama Republik Indonesia
4220013960_2-1,Atlet pencak silat binaan IPSI Gowa yang lolos menuju Porprov 2022,Olahraga,Provinsi,Individu,2022, IPSI Gowa
4220013960_1-1,Kejuaraan Pencak Silat Abdul Munir Yunus Cup - Juara 2 Kelas E Putri Remaja,Olahraga,Provinsi,Individu,Di luar batas,Pengprov IPSI Sulawesi Selatan
4220013903_1-1,Kompetisi Sains Madrasah bidang Fisika Terintegrasi tingkat provinsi,Olimpiade Fisika,Provinsi,Individu,2021,Kementerian Agama Republik Indonesia
4220013672_2-1,Kompetisi Sains Nasional (KSN) Tingkat Provinsi Kalimantan Timur bidang Ekonomi,Olimpiade Ekonomi,Provinsi,Individu,2021,Dinas Pendidikan dan Kebudayaan Provinsi Kalimantan Timur
4220013647_1-1,International Medical and Science Application Competition (MEDSPIN) Semifinalist,Olimpiade(Lainnya),Internasional,Individu,2021,Faculty of Medicine Universitas Airlangga
4220011511_1-1,Olimpiade Kedokteran Dasar Nasional,Olimpiade(Lainnya),Nasional,Individu,2021,Lembaga Kompetisi Indonesia
4220011501_3-1,Finalis Duta Anak Kabupaten Barru,Pramuka/Organisasi Ekstrakulikuler,Kabupaten/Kota,Individu,2020,Dinas PMDPPKBPPPA
4220011501_2-1,Duta Budaya Kabupaten Barru,Pramuka/Organisasi Ekstrakulikuler,Kabupaten/Kota,Individu,2021,Direktorat Jenderal Kebudayaan
4220011376_1-1,Praktek Kerja Industri (PRAKERIND),Tidak Terdefinisi,Kabupaten/Kota,Individu,2021,Koperasi Pegawai RI Bina Sejahtera
4220010922_2-1,Leading Beyond the COVID-19 Health Care Crisis,Tidak Terdefinisi,Internasional,Individu,2020,Harvard Medical School
4220010922_1-1,Strategies to strengthen the Social Service Workforce for Child Protection,Pramuka/Organisasi Ekstrakulikuler,Internasional,Individu,2020,UNICEF
4220010857_3-1,Lomba Esai Karya Ilmiah Siswa Tingkat Nasional,Tidak Terdefinisi,Nasional,Individu,2021,Fakultas MIPA Universitas Islam Indonesia
4220010857_1-1,Pidato Video Kreatif Hadis Tingkat Nasional,Drama/Sastra,Nasional,Individu,2021,Kanwil Kementerian Agama Provinsi Sulawesi Selatan
4220010790_1-1,Lomba Matematika Nasional UGM,Olimpiade MTK,Nasional,Individu,2020,Universitas Gadjah Mada
4220010389_1-1,Olimpiade Sains Indonesia Kompetisi Sains Sosial Indonesia Biologi,Olimpiade Biologi,Nasional,Individu,2021,Olimpiade Sains Indonesia
4220009184_1-1,Praktek Kerja Lapangan (PKL),Tidak Terdefinisi,Kabupaten/Kota,Individu,2021,Rajawali Service
4220008811_1-1,International Young Scientists Innovation Exhibition,Penelitian,Internasional,Kelompok,2021,Malaysia Young Scientists Organisation
4220008577_3-1,Workshop Kepemimpinan Siswa,Pramuka/Organisasi Ekstrakulikuler,Provinsi,Individu,2021,Dinas Pendidikan Provinsi Sulawesi Selatan
4220008577_2-1,National Environmental Science Olympiad,Olimpiade(Lainnya),Nasional,Individu,2022,Pusat Olimpiade Sains Indonesia
4220008577_1-1,Pelatihan Program Anti Perundungan,Pramuka/Organisasi Ekstrakulikuler,Nasional,Individu,2021,Kementerian Pendidikan
4220008516_3-1,Olimpiade Pendidikan Bahasa dan Sastra Indonesia,Olimpiade(Lainnya),Nasional,Individu,2021,HIMAPRODI PBSI DEMA JBSI FBS UNM
4220008516_1-1,National Cynosure Olympics Matematika,Olimpiade MTK,Nasional,Individu,2021,School Thunder Bolt
4220007905_3-3,Festival Olimpiade Biologi Tingkat Regional Provinsi,Olimpiade Biologi,Provinsi,Individu,2022,UNIVERSITY.ID
4220007905_3-1,Festival Olimpiade Biologi Tingkat Nasional,Olimpiade Biologi,Nasional,Individu,2022,UNIVERSITY.ID
4220007905_2-1,Try Out Kompetisi Sains Nasional Online POSI Biologi,Tidak Terdefinisi,Nasional,Individu,2020,Pelatihan Olimpiade Sains Indonesia
4220007905_1-1,Biology Competition Senior High School National Science,Olimpiade Biologi,Nasional,Individu,2021,Forum Kompetisi Sains Indramayu
4220007708_1-1,Olimpiade Sains Nusantara bidang Ekonomi,Olimpiade Ekonomi,Nasional,Individu,2021,LPP Salman ITB
4220007707_1-1,Festival Olimpiade Bahasa Inggris Tingkat Nasional,Olimpiade(Lainnya),Nasional,Individu,2021,UNIVERSITY.ID
4220007573_2-1,Eduversal Mathematics Competition,Olimpiade MTK,Nasional,Individu,2021,PT. Edukasi Universal Indonesia
4220007452_3-2,Festival Olimpiade Biologi Tingkat Regional Provinsi,Olimpiade Biologi,Provinsi,Individu,2022,UNIVERSITY.ID
4220007452_3-1,Festival Olimpiade Biologi Tingkat Nasional,Olimpiade Biologi,Nasional,Individu,2022,UNIVERSITY.ID
4220007452_2-2,Festival Olimpiade Bahasa Inggris Tingkat Regional Provinsi,Olimpiade(Lainnya),Provinsi,Individu,2022,UNIVERSITY.ID
4220007452_2-1,Festival Olimpiade Bahasa Inggris Tingkat Nasional,Olimpiade(Lainnya),Nasional,Individu,2022,UNIVERSITY.ID
4220007452_1-2,Festival Olimpiade Matematika Tingkat Regional Provinsi,Olimpiade MTK,Provinsi,Individu,2022,UNIVERSITY.ID
4220007452_1-1,Festival Olimpiade Matematika Tingkat Nasional,Olimpiade MTK,Nasional,Individu,2022,UNIVERSITY.ID
4220007427_1-1,Kompetisi Sains Nasional Kabupaten (KSN-K) Biologi,Olimpiade Biologi,Kabupaten/Kota,Individu,2020,Cabang Dinas Pendidikan Wilayah XI
4220007213_2-1,Lomba Keterampilan Baris-Berbaris BUTA Tingkat Penegak,Pramuka/Organisasi Ekstrakulikuler,Nasional,Individu,Di luar batas,Kemah Lomba Penggalang dan Penegak
4220007213_1-1,Kemah Lomba Penggalang dan Penegak (KEMBANG),Pramuka/Organisasi Ekstrakulikuler,Nasional,Individu,Di luar batas,Kwartir Daerah Gerakan Pramuka
4220006778_1-1,Lomba Keterampilan Bahasa Jerman dan Regionale Deutscholympiade,Olimpiade(Lainnya),Provinsi,Individu,2021,IGBJI & Goethe Institut
4220006457_2-1,Try Out SBMPTN,Tidak Terdefinisi,Kabupaten/Kota,Individu,2022,Himpunan Pelajar Mahasiswa Takalar
4220006457_1-1,Olympiad International Medical Application Competition,Olimpiade(Lainnya),Internasional,Individu,Di luar batas,Universitas Airlangga
4220006004_1-1,Festival Olimpiade Biologi Tingkat Nasional,Olimpiade Biologi,Nasional,Individu,2022,UNIVERSITY.ID
4220005966_1-1,Kompetisi Sains Madrasah Bidang Biologi,Olimpiade Biologi,Kabupaten/Kota,Individu,2021,Kementerian Agama RI
4220005483_2-1,Lomba Brain Challenge's Competition Tingkat Nasional - Jambore TIK Nasional,Olimpiade Komputer,Nasional,Individu,2021,Jaringan Sekolah Digital Indonesia (JSDI)
4220005483_1-1,Lomba Debat Bahasa Indonesia (LDBI) SMA/MA Tingkat Provinsi Sulawesi Selatan,Drama/Sastra,Provinsi,Individu,2021,Dinas Pendidikan Provinsi Sulawesi Selatan
4220005176_3-1,Olimpiade Nasional Ekonomi,Olimpiade Ekonomi,Nasional,Individu,2022,MASUK PTN
4220005176_2-1,National Sharia Economics Championship 2020,Olimpiade Ekonomi,Nasional,Individu,2020,Fakultas Ekonomika dan Bisnis Universitas Gadjah Mada
4220005176_1-1,Kompetisi Nasional #3 2022 - Sosiologi,Olimpiade(Lainnya),Nasional,Individu,2022,Lembaga Penyelenggara Kompetisi Nasional
4220005163_2-1,Lomba Kompetensi Siswa (LKS) SMK Tingkat Nasional - Teknologi Pengolahan Pangan,Olimpiade(Lainnya),Nasional,Individu,2021,"Pusat Prestasi Nasional Kementerian Pendidikan, Kebudayaan, Riset, dan Teknologi"
4220004866_1-1,Kompetisi Sains Nasional Tingkat Kota (KSN-K) Bidang Astronomi,Olimpiade Astronomi & Astrofisika,Kabupaten/Kota,Individu,2021,UPT SMA Negeri 1 Makassar
4220004671_3-1,Pesantren Ramadhan Tingkat SMA Sederajat se-Sultra,Pramuka/Organisasi Ekstrakulikuler,Provinsi,Individu,2021,Dinas Pendidikan dan Kebudayaan Majelis Ulama Indonesia Provinsi Sulawesi Tenggara
4220004562_3-1,Festival Olimpiade #3 - Bahasa Indonesia,Olimpiade(Lainnya),Nasional,Individu,2022,Platform Edukasi Pelajar UNIVERSITY.ID
4220004169_3-1,Festival Olimpiade #4 - Matematika,Olimpiade MTK,Nasional,Individu,2022,Platform Edukasi Pelajar UNIVERSITY.ID
4220004169_2-1,Magna Science Olympiad (MSO) - Biologi,Olimpiade Biologi,Nasional,Individu,2022,Magna Competition
4220004169_1-1,Prisma Science Competition - Fisika,Olimpiade Fisika,Nasional,Individu,2022,Prisma Cendekia Foundation
4220004123_1-2,Webinar dan Lomba Esai Budaya dan Kewargaan,Drama/Sastra,Nasional,Individu,2020,Alumni SMA Sahabat Jakarta Khatulistiwa
4220004123_1-1,Lomba Esai Budaya dan Kewargaan,Drama/Sastra,Nasional,Individu,2020,Alumni SMA Sahabat Jakarta Khatulistiwa
4220003887_3-1,Atma Jaya Techno League 2021 - Video Editing,Seni Rupa/Lukis,Tidak Terdefinisi,Kelompok,2021,Universitas Atma Jaya Makassar
4220003887_2-1,Atma Jaya Techno League 2021 - Poster Editing,Seni Rupa/Lukis,Tidak Terdefinisi,Kelompok,2021,Universitas Atma Jaya Makassar
4220003887_1-1,9th National Programming & Logic Competition,Olimpiade Komputer,Nasional,Individu,2022,Universitas Ciputra
4220003743_1-1,Insight Biology Competition Vol. 2,Olimpiade Biologi,Nasional,Individu,2020,Insight Olimpiade CV. Project Inter Kreasi
4220003468_2-1,National Bimatch Olympic 2021,Olimpiade Biologi,Nasional,Individu,2021,Yes Olympic
4220003468_1-1,Ethylene National Science Competition For Senior High School,Olimpiade Ekonomi,Provinsi,Individu,2021,Rubisco Educourse
4220003423_3-1,SOSHUM TryOut UTBK Universitas Indonesia Goes to Celebes (UIGTC) 2022,Olimpiade(Lainnya),Tidak Terdefinisi,Individu,2022,Ikatan Mahasiswa Sulawesi Selatan Universitas Indonesia
4220003423_2-1,Kompetisi Sains Nasional Tingkat Provinsi (KSN-P) Bidang Ekonomi,Olimpiade Ekonomi,Provinsi,Individu,2021,Dinas Pendidikan Provinsi Sulawesi Selatan
4220003423_1-1,Olimpiade Nasional Ekonomi,Olimpiade Ekonomi,Nasional,Individu,2022,MASUK PTN
4220003270_1-1,Jambore Siaga Bhakti (JUMBARA) - Keterampilan dan Pengetahuan Kepalangmerahan,Pramuka/Organisasi Ekstrakulikuler,Kabupaten/Kota,Individu,Di luar batas,Palang Merah Indonesia Kabupaten Banggai
4220003083_3-1,Pekan Olimpiade Sains Nasional (POSN) 2022,Olimpiade Biologi,Nasional,Individu,2022,YAPRESINDO FOSM
4220003083_2-1,Olimpiade Biologi Nasional,Olimpiade Biologi,Nasional,Individu,2021,Olimpiade Indonesia
4220003083_1-1,English Olympiad,Olimpiade(Lainnya),Tidak Terdefinisi,Individu,2021,Liga Olimpiade
4220002296_1-1,Kompetisi Sains Madrasah Tingkat Kabupaten/Kota,Olimpiade MTK,Kabupaten/Kota,Individu,2021,Kementerian Agama Republik Indonesia
4220002251_3-1,Kompetisi Sains Nasional (KSN) Tingkat SMA se-Kabupaten Bone,Olimpiade Komputer,Kabupaten/Kota,Individu,2021,Cabang Dinas Pendidikan Wilayah III Provinsi Sulawesi Selatan
4220002127_3-1,Festival Olimpiade #4 Tingkat Regional Provinsi Sulawesi Tengah,Olimpiade Kimia,Provinsi,Individu,2022,Platform Edukasi Pelajar UNIVERSITY.ID
4220002127_2-1,Festival Olimpiade #4 Tingkat Nasional,Olimpiade Biologi,Nasional,Individu,2022,Platform Edukasi Pelajar UNIVERSITY.ID
4220002127_1-1,Festival Olimpiade #4 Tingkat Nasional,Olimpiade Kimia,Nasional,Individu,2022,Platform Edukasi Pelajar UNIVERSITY.ID
4220002044_2-1,Olimpiade APBN 2021 Tahap Online 1,Olimpiade(Lainnya),Nasional,Individu,2021,Kementerian Keuangan
4220002044_1-1,Kompetisi Sains Nasional Tingkat Provinsi Sulawesi Barat (KSN-P),Olimpiade Ekonomi,Provinsi,Individu,2020,Dinas Pendidikan dan Kebudayaan Provinsi Sulawesi Barat
4220001953_3-1,National Science Competitions Biology Senior High School,Olimpiade Biologi,Nasional,Individu,2021,Forum Pencinta Kompetisi Sains Indramayu (FOKSI)
4220001953_2-1,Kompetisi Hari Pendidikan Nasional (Hardiknas) Tahun 2021,Olimpiade Biologi,Nasional,Individu,2021,Pelatihan Olimpiade Sains Indonesia (POSI)
4220001953_1-1,Kompetisi Sains Se-Provinsi Sulawesi Selatan 2021,Olimpiade Biologi,Provinsi,Individu,2021,Pelatihan Olimpiade Sains Indonesia (POSI)
4220001697_3-1,Olimpiade Sains Nasional 2021 Batch 2,Olimpiade MTK,Nasional,Individu,2021,Prestasi Kita
4220001697_2-1,Liga Olimpiade Pelajar ke-12 se-Indonesia,Olimpiade Fisika,Nasional,Individu,2020,Club Olimpiade Fakultas MIPA USU
4220001697_1-1,Olimpiade Pelajar Nasional - Fisika,Olimpiade Fisika,Nasional,Individu,2021,Kejar Prestasi
4220001512_3-1,Olimpiade SBMPTN - TPS dan TKA Saintek,Olimpiade(Lainnya),Nasional,Individu,2021,Pelatihan Olimpiade Sains Indonesia (POSI)
4220001512_1-1,International Science Olympiad - Biology,Olimpiade Biologi,Internasional,Individu,2022,Lembaga Kompetisi Indonesia
4220001335_3-1,Indonesia Students Science Competition - Kimia,Olimpiade Kimia,Nasional,Individu,2021,Indonesia Students Training Center
4220001335_2-1,Liga Olimpiade Pelajar Indonesia - Fisika,Olimpiade Fisika,Nasional,Individu,2021,Olimpiade Indonesia
4220001329_3-1,Kompetisi Sains Nasional Bidang Ilmu Kebumian,Olimpiade Ilmu Kebumian,Provinsi,Individu,2021,Pusat Prestasi Nasional
4220001329_2-1,Alauddin Biomedical Olympiad,Olimpiade(Lainnya),Nasional,Individu,2021,UIN Alauddin
4220001126_3-1,ASEAN Student Science Olympiad,Olimpiade(Lainnya),Internasional,Individu,2021,olimpiadekita.com
4220001126_2-1,5th OPSILON Olimpiade Bahasa Inggris,Olimpiade(Lainnya),Nasional,Individu,2021,Olimpiade Update
4220001126_1-1,Olimpiade Ajang Juara 2 Bahasa Inggris,Olimpiade(Lainnya),Nasional,Individu,2021,Mitra Prestasi Nusantara
4220001079_2-1,Patroli Keamanan Sekolah,Pramuka/Organisasi Ekstrakulikuler,Kabupaten/Kota,Kelompok,2020,Polres Bone
4220000880_1-1,PASKIBRAKA,Pramuka/Organisasi Ekstrakulikuler,Kabupaten/Kota,Kelompok,2021,Pemerintah Kab. Luwu
4220000603_3-1,National English Essay Competition,Drama/Sastra,Nasional,Individu,2020,Universitas Widya Dharma Pontianak
4220000603_2-1,Essay Writing Competition,Drama/Sastra,Internasional,Individu,2020,"Trinity College, The University of Melbourne"
4220000007_1-1,Lomba Menyanyi Jazz,Seni Suara/Musik,Kabupaten/Kota,Individu,2021,Studio Vocalia Makassar